Size,EntryBar,ExitBar,EntryPrice,ExitPrice,SL,TP,PnL,Commission,ReturnPct,EntryTime,ExitTime,Duration,Tag
5.11415606,31,55,7818.3,8469.54,,,3297.2235702582802,33.31942225612416,0.08246356164383574,2020-01-10 04:00:00+00:00,2020-01-14 04:00:00+00:00,4 days 00:00:00,core_long
1.5372700400000001,55,79,8469.54,8931.1,8133.986260640456,9141.54747871909,698.8425666428672,10.699793019530242,0.05367466757344525,2020-01-14 04:00:00+00:00,2020-01-18 04:00:00+00:00,4 days 00:00:00,pullback_struct_long
1.4108440500000001,79,86,8931.1,8562.687615028239,8562.687615028239,9667.92476994352,-529.6448237511681,9.872402467450513,-0.04203400477183901,2020-01-18 04:00:00+00:00,2020-01-19 08:00:00+00:00,1 days 04:00:00,pullback_struct_long
1e-08,91,115,8671.56,8330.0,,,-3.4836062399999947e-06,6.800624e-08,-0.04017277444888808,2020-01-20 04:00:00+00:00,2020-01-24 04:00:00+00:00,4 days 00:00:00,core_long
4.77077024,91,121,8671.56,8299.6,,,-1806.9219004969102,32.38620202651136,-0.04367708509195576,2020-01-20 04:00:00+00:00,2020-01-25 04:00:00+00:00,5 days 00:00:00,core_long
4.89753009,121,175,8299.6,9396.68,,,5338.315085624774,34.667225512426086,0.13133180972576985,2020-01-25 04:00:00+00:00,2020-02-03 04:00:00+00:00,9 days 00:00:00,core_long
2.26536698,175,182,9396.68,9160.01,9160.01,10153.66006992622,-552.9594882702397,16.81508511363848,-0.02597648062932875,2020-02-03 04:00:00+00:00,2020-02-04 08:00:00+00:00,1 days 04:00:00,pullback_struct_long
4.6053574600000005,187,199,9241.61,9788.15,,,2481.9565273171916,35.05553887120385,0.05831539050014001,2020-02-05 04:00:00+00:00,2020-02-07 04:00:00+00:00,2 days 00:00:00,core_long
1e-08,199,224,9788.15,9749.61,,,-4.6355103999999127e-07,7.815104000000001e-08,-0.0047358391524444385,2020-02-07 04:00:00+00:00,2020-02-11 08:00:00+00:00,4 days 04:00:00,pullback_struct_long
1.61332715,199,229,9788.15,10279.36,9450.690939632934,10463.03812073413,779.5322458651419,12.9501834863586,0.049364077583608716,2020-02-07 04:00:00+00:00,2020-02-12 04:00:00+00:00,5 days 00:00:00,pullback_struct_long
1e-08,229,256,10279.36,9871.2,,,-4.162202239999992e-06,8.060224000000002e-08,-0.040490869470472805,2020-02-12 04:00:00+00:00,2020-02-16 16:00:00+00:00,4 days 12:00:00,core_long
4.2672881700000005,229,265,10279.36,9730.55,,,-2376.0856414680084,34.155220890305884,-0.05416815482675964,2020-02-12 04:00:00+00:00,2020-02-18 04:00:00+00:00,6 days 00:00:00,core_long
1e-08,265,280,9730.55,9577.4,,,-1.608731800000004e-06,7.72318e-08,-0.016532794138049742,2020-02-18 04:00:00+00:00,2020-02-20 16:00:00+00:00,2 days 12:00:00,core_long
4.41033006,265,289,9730.55,9670.56,,,-298.80181975155,34.22611945214664,-0.0069626530874411716,2020-02-18 04:00:00+00:00,2020-02-22 04:00:00+00:00,4 days 00:00:00,core_long
0.89077616,289,303,9670.56,9816.21,9310.238299983279,10391.203400033439,122.79820764343891,6.94334006056128,0.01425515089095142,2020-02-22 04:00:00+00:00,2020-02-24 12:00:00+00:00,2 days 08:00:00,pullback_struct_long
4.42533465,289,303,9670.56,9816.21,,,610.0558003734687,34.4941913990322,0.01425515089095142,2020-02-22 04:00:00+00:00,2020-02-24 12:00:00+00:00,2 days 08:00:00,core_long
1e-08,303,310,9816.21,9404.93,,,-4.189684559999992e-06,7.688456000000001e-08,-0.04268128493583567,2020-02-24 12:00:00+00:00,2020-02-25 16:00:00+00:00,1 days 04:00:00,core_add_long
2.4691072,303,312,9816.21,9326.0,,,-1229.2867079259634,18.9056674139648,-0.05071885014684886,2020-02-24 12:00:00+00:00,2020-02-26 00:00:00+00:00,1 days 12:00:00,core_add_long
-1e-08,312,319,9326.0,8745.49,,,5.732814039999996e-06,7.228596e-08,0.06147130645507181,2020-02-26 00:00:00+00:00,2020-02-27 04:00:00+00:00,1 days 04:00:00,bear_core
-1.59864246,312,361,9326.0,8878.53,10112.101627771064,,703.7035277272613,11.641013848937522,0.047200105940381695,2020-02-26 00:00:00+00:00,2020-03-05 04:00:00+00:00,8 days 04:00:00,bear_core
1e-08,361,379,8878.53,8756.0,,,-1.2958381200000101e-06,7.053812e-08,-0.01459518771688567,2020-03-05 04:00:00+00:00,2020-03-08 04:00:00+00:00,3 days 00:00:00,core_long
4.82944129,361,595,8878.53,6671.010000000001,,,-10691.126472707401,30.038236206602647,-0.24933629959013479,2020-03-05 04:00:00+00:00,2020-04-13 04:00:00+00:00,39 days 00:00:00,core_long
-0.59293527,595,614,6671.010000000001,7094.187873671284,7094.187873671284,5824.624252657432,-254.1818353104396,3.264748527131484,-0.0642607270594336,2020-04-13 04:00:00+00:00,2020-04-16 08:00:00+00:00,3 days 04:00:00,crash_short
-0.6968874,643,657,6853.289999999999,7212.40508999607,7212.40508999607,6135.059820007857,-254.18366364031218,3.920882272184051,-0.05322135325253555,2020-04-21 04:00:00+00:00,2020-04-23 12:00:00+00:00,2 days 08:00:00,crash_short
4.91431177,691,703,7813.98,8680.91,,,4227.939889937359,32.42441282874212,0.11010164397656522,2020-04-29 04:00:00+00:00,2020-05-01 04:00:00+00:00,2 days 00:00:00,core_long
1e-08,703,723,8680.91,8677.5,,,-1.0353364000000024e-07,6.943364e-08,-0.001192658834154535,2020-05-01 04:00:00+00:00,2020-05-04 12:00:00+00:00,3 days 08:00:00,dip_buy_long
1.15456885,703,727,8680.91,8851.64,7986.1244,9375.0156,189.02252532407257,8.097014436427,0.018859426027916466,2020-05-01 04:00:00+00:00,2020-05-05 04:00:00+00:00,4 days 00:00:00,dip_buy_long
1e-08,727,757,8851.64,8621.0,,,-2.3762905599999886e-06,6.989055999999999e-08,-0.026845765982348963,2020-05-05 04:00:00+00:00,2020-05-10 04:00:00+00:00,5 days 00:00:00,core_long
4.53773677,727,775,8851.64,8908.42,,,225.41650288084287,32.23619091976248,0.005612064656945152,2020-05-05 04:00:00+00:00,2020-05-13 04:00:00+00:00,8 days 00:00:00,core_long
1e-08,775,826,8908.42,9081.89,,,1.6627387599999888e-06,7.196124e-08,0.018664799818598393,2020-05-13 04:00:00+00:00,2020-05-21 16:00:00+00:00,8 days 12:00:00,core_long
4.51893185,775,829,8908.42,8991.25,,,341.9481695885012,32.354955546995804,0.008494225912114635,2020-05-13 04:00:00+00:00,2020-05-22 04:00:00+00:00,9 days 00:00:00,core_long
1e-08,829,856,8991.25,8720.59,,,-2.777447359999999e-06,7.084736000000001e-08,-0.030890558709856807,2020-05-22 04:00:00+00:00,2020-05-26 16:00:00+00:00,4 days 12:00:00,core_long
4.49250855,829,859,8991.25,8825.33,,,-777.4134738087002,32.0164551927036,-0.019246115056304632,2020-05-22 04:00:00+00:00,2020-05-27 04:00:00+00:00,5 days 00:00:00,core_long
1e-08,859,901,8825.33,9485.71,,,6.530555839999993e-06,7.324416e-08,0.07399786568887506,2020-05-27 04:00:00+00:00,2020-06-03 04:00:00+00:00,7 days 00:00:00,core_long
4.54174817,859,907,8825.33,9664.01,,,3775.4837847717963,33.589570443803126,0.09419299493616666,2020-05-27 04:00:00+00:00,2020-06-04 04:00:00+00:00,8 days 00:00:00,core_long
0.78010464,907,952,9664.01,9264.15,9264.15,10510.874338683034,-317.83901952746487,5.90637817706496,-0.04215964842751606,2020-06-04 04:00:00+00:00,2020-06-11 16:00:00+00:00,7 days 12:00:00,pullback_struct_long
1e-08,907,953,9664.01,9281.0,,,-3.905880040000002e-06,7.578004000000001e-08,-0.04041676322768711,2020-06-04 04:00:00+00:00,2020-06-11 20:00:00+00:00,7 days 16:00:00,core_long
4.3038051600000005,907,955,9664.01,9359.73,,,-1342.3116222346011,32.74978814979936,-0.03227330021388645,2020-06-04 04:00:00+00:00,2020-06-12 04:00:00+00:00,8 days 00:00:00,core_long
1e-08,955,1014,9359.73,9293.39,,,-7.380124800000046e-07,7.461248e-08,-0.00788497616918447,2020-06-12 04:00:00+00:00,2020-06-22 00:00:00+00:00,9 days 20:00:00,core_long
4.37279936,955,1015,9359.73,9380.05,,,56.07716379898295,32.77811919621632,0.001370134394902485,2020-06-12 04:00:00+00:00,2020-06-22 04:00:00+00:00,10 days 00:00:00,core_long
1e-08,1015,1029,9380.05,9337.27,,,-5.026692799999893e-07,7.486928e-08,-0.0053589189823081244,2020-06-22 04:00:00+00:00,2020-06-24 12:00:00+00:00,2 days 08:00:00,core_long
4.36571695,1015,1030,9380.05,9255.48,,,-576.3803401387936,32.5429796772934,-0.014075000879526204,2020-06-22 04:00:00+00:00,2020-06-24 16:00:00+00:00,2 days 12:00:00,core_long
-1e-08,1030,1033,9255.48,9099.65,,,1.484879479999995e-06,7.342052000000001e-08,0.016043246595530396,2020-06-24 16:00:00+00:00,2020-06-25 04:00:00+00:00,0 days 12:00:00,bear_core
-1.53985142,1030,1099,9255.48,9087.31,9851.776031995405,,247.65874481009445,11.29806849130472,0.01737704408631426,2020-06-24 16:00:00+00:00,2020-07-06 04:00:00+00:00,11 days 12:00:00,bear_core
1e-08,1099,1124,9087.31,9153.85,,,5.924353600000089e-07,7.296464000000001e-08,0.006519369978574596,2020-07-06 04:00:00+00:00,2020-07-10 08:00:00+00:00,4 days 04:00:00,core_long
4.49189113,1099,1195,9087.31,9358.72,,,1186.001148177012,33.14302341628556,0.029054977545610306,2020-07-06 04:00:00+00:00,2020-07-22 04:00:00+00:00,16 days 00:00:00,core_long
4.41229335,1195,1219,9358.72,9681.27,,,1389.5812115380754,33.6040085044266,0.03365139719961719,2020-07-22 04:00:00+00:00,2020-07-26 04:00:00+00:00,4 days 00:00:00,core_long
2.6763874,1219,1220,9681.27,10072.169263335501,9485.80536833225,10072.169263335501,1025.0507206799932,21.14714238042257,0.03956070718306242,2020-07-26 04:00:00+00:00,2020-07-26 08:00:00+00:00,0 days 04:00:00,pullback_struct_long
3.84228614,1243,1262,10998.37,11327.7,,,1231.0668347575288,34.31325972866792,0.029131550584313826,2020-07-30 04:00:00+00:00,2020-08-02 08:00:00+00:00,3 days 04:00:00,core_long
1e-08,1262,1272,11327.7,11227.07,,,-1.0965190800000042e-06,9.021908000000001e-08,-0.00967997987234834,2020-08-02 08:00:00+00:00,2020-08-04 00:00:00+00:00,1 days 16:00:00,dip_buy_long
0.94350825,1262,1279,11327.7,11248.83,10421.484,12233.916000000001,-82.93495260204915,8.520456924549002,-0.00775979342673274,2020-08-02 08:00:00+00:00,2020-08-05 04:00:00+00:00,2 days 20:00:00,dip_buy_long
3.79754639,1279,1309,11248.83,12041.88,,,2976.265143917083,35.37902067241476,0.06967246513637407,2020-08-05 04:00:00+00:00,2020-08-10 04:00:00+00:00,5 days 00:00:00,core_long
1.23628708,1309,1310,12041.88,11597.872094547263,11597.872094547263,12929.71581090547,-560.6114449646358,11.690208035556688,-0.03765722680267162,2020-08-10 04:00:00+00:00,2020-08-10 08:00:00+00:00,0 days 04:00:00,pullback_struct_long
1e-08,1321,1366,11386.45,11735.02,,,3.3932141199999927e-06,9.248588000000001e-08,0.029800456858810262,2020-08-12 04:00:00+00:00,2020-08-19 16:00:00+00:00,7 days 12:00:00,core_long
3.8364748200000003,1321,1369,11386.45,11707.82,,,1197.4876787668793,35.44023413651256,0.027412608143890214,2020-08-12 04:00:00+00:00,2020-08-20 04:00:00+00:00,8 days 00:00:00,core_long
1e-08,1369,1389,11707.82,11532.84,,,-1.8427626399999879e-06,9.296264e-08,-0.01573958807019571,2020-08-20 04:00:00+00:00,2020-08-23 12:00:00+00:00,3 days 08:00:00,core_long
3.7720628,1369,1393,11707.82,11687.61,,,-111.5330016651975,35.299612477201606,-0.0025255062001293973,2020-08-20 04:00:00+00:00,2020-08-24 04:00:00+00:00,4 days 00:00:00,core_long
1e-08,1393,1403,11687.61,11304.74,,,-3.9206693999999995e-06,9.196940000000002e-08,-0.033545518715973555,2020-08-24 04:00:00+00:00,2020-08-25 20:00:00+00:00,1 days 16:00:00,core_long
3.7747697700000002,1393,1405,11687.61,11370.99,,,-1229.98396706481,34.8163624874088,-0.027879390226059897,2020-08-24 04:00:00+00:00,2020-08-26 04:00:00+00:00,2 days 00:00:00,core_long
1.35771941,1405,1417,11370.99,11383.87,11130.0,12162.7176341887,5.129539963268503,12.357886037533042,0.0003322539198435039,2020-08-26 04:00:00+00:00,2020-08-28 04:00:00+00:00,2 days 00:00:00,pullback_struct_long
3.8366263800000002,1405,1417,11370.99,11383.87,,,14.494989314721636,34.92075845968272,0.000332253919843504,2020-08-26 04:00:00+00:00,2020-08-28 04:00:00+00:00,2 days 00:00:00,core_long
1e-08,1417,1449,11383.87,11417.5,,,2.4509451999998525e-07,9.120548e-08,0.0021529982334653965,2020-08-28 04:00:00+00:00,2020-09-02 12:00:00+00:00,5 days 08:00:00,pullback_struct_long
2.14778467,1417,1455,11383.87,11130.0,11130.0,12172.217738167192,-564.6000721122499,19.341977939349164,-0.023091931654173906,2020-08-28 04:00:00+00:00,2020-09-03 12:00:00+00:00,6 days 08:00:00,pullback_struct_long
1e-08,1525,1563,10747.59,10634.48,,,-1.2166282800000068e-06,8.552828e-08,-0.011320010160417377,2020-09-15 04:00:00+00:00,2020-09-21 12:00:00+00:00,6 days 08:00:00,pullback_struct_long
1.58178428,1525,1563,10747.59,10404.556998559592,10404.556998559592,11433.656002880816,-555.9874626438834,13.383253444228298,-0.032704435156144906,2020-09-15 04:00:00+00:00,2020-09-21 12:00:00+00:00,6 days 08:00:00,pullback_struct_long
-1e-08,1564,1573,10415.61,10470.87,,,-6.361459200000056e-07,8.354592e-08,-0.006107620389012363,2020-09-21 16:00:00+00:00,2020-09-23 04:00:00+00:00,1 days 12:00:00,bear_core
-1.45119784,1564,1609,10415.61,10687.45,11190.975029842914,,-406.7435068613578,12.24988603575616,-0.02690972722672988,2020-09-21 16:00:00+00:00,2020-09-29 04:00:00+00:00,7 days 12:00:00,bear_core
1e-08,1609,1629,10687.45,10430.14,,,-2.6575703600000244e-06,8.447036e-08,-0.024866271748639944,2020-09-29 04:00:00+00:00,2020-10-02 12:00:00+00:00,3 days 08:00:00,core_long
4.02559999,1609,1663,10687.45,10634.23,,,-248.5754533857193,34.333021917913285,-0.005777680550552435,2020-09-29 04:00:00+00:00,2020-10-08 04:00:00+00:00,9 days 00:00:00,core_long
4.03640022,1663,1675,10634.23,11413.86,,,3111.300737387973,35.59796613063192,0.07248392822047314,2020-10-08 04:00:00+00:00,2020-10-10 04:00:00+00:00,2 days 00:00:00,core_long
1.4465795000000001,1675,1705,11413.86,11378.41,11031.640186908822,12176.55962618236,-64.46957549118768,13.188332216186001,-0.0039046306858504624,2020-10-10 04:00:00+00:00,2020-10-15 04:00:00+00:00,5 days 00:00:00,pullback_struct_long
1.79520309,1705,1717,11378.41,11358.71,11070.920980181525,11992.99803963695,-51.692600105682445,16.327099232680318,-0.0025306565680092083,2020-10-15 04:00:00+00:00,2020-10-17 04:00:00+00:00,2 days 00:00:00,pullback_struct_long
2.73395518,1717,1738,11358.71,12003.097985936065,11157.0,12003.097985936065,1736.1798176967511,25.54805438292611,0.055908044376667125,2020-10-17 04:00:00+00:00,2020-10-20 16:00:00+00:00,3 days 12:00:00,pullback_struct_long
3.45494457,1759,1909,12971.49,18071.58,,,17577.62741755826,42.900834453051964,0.39221961177937176,2020-10-24 04:00:00+00:00,2020-11-18 04:00:00+00:00,25 days 00:00:00,core_long
0.72129245,1909,1956,18071.58,17173.12303411065,17173.12303411065,19868.493931778703,-658.2189214262949,10.168695280398444,-0.050496683029541155,2020-11-18 04:00:00+00:00,2020-11-26 00:00:00+00:00,7 days 20:00:00,pullback_struct_long
0.6098914400000001,1975,2011,17870.01,18828.61,16812.828106168603,19984.34378766279,575.6890647048757,8.952869679125119,0.052821489859267136,2020-11-29 04:00:00+00:00,2020-12-05 04:00:00+00:00,6 days 00:00:00,pullback_struct_long
1e-08,2011,2031,18828.61,18765.93,,,-7.771781599999921e-07,1.5037816e-07,-0.004127644897844285,2020-12-05 04:00:00+00:00,2020-12-08 12:00:00+00:00,3 days 08:00:00,pullback_struct_long
0.8317973200000001,2011,2032,18828.61,18805.0,18050.0,20943.87643793061,-32.160149101168614,12.521414375970082,-0.002053441225879085,2020-12-05 04:00:00+00:00,2020-12-08 16:00:00+00:00,3 days 12:00:00,pullback_struct_long
-1e-08,2032,2035,18805.0,18289.7,,,5.0046212000000095e-06,1.483788e-07,0.026613247540547745,2020-12-08 16:00:00+00:00,2020-12-09 04:00:00+00:00,0 days 12:00:00,bear_core
-0.96407105,2032,2047,18805.0,17986.67,20137.290489826384,,774.7403487752418,14.1879135712614,0.042734024567934195,2020-12-08 16:00:00+00:00,2020-12-11 04:00:00+00:00,2 days 12:00:00,bear_core
2.89703059,2047,2137,17986.67,24930.399999999998,,,20066.465392851438,49.73282584926852,0.38509424879646986,2020-12-11 04:00:00+00:00,2020-12-26 04:00:00+00:00,15 days 00:00:00,core_long
0.4902541,2137,2144,24930.399999999998,27998.508158035336,23398.715920982333,27998.508158035336,1493.7731580270724,10.37944569320011,0.12221771791756737,2020-12-26 04:00:00+00:00,2020-12-27 08:00:00+00:00,1 days 04:00:00,pullback_struct_long
1e-08,2155,2236,26478.0,31618.490000000005,,,5.117251404000005e-05,2.3238596000000001e-07,0.19326427237706792,2020-12-29 04:00:00+00:00,2021-01-11 16:00:00+00:00,13 days 12:00:00,core_long
2.29354861,2155,2251,26478.0,37107.37,,,24320.64233388378,58.33445479193429,0.4004809975073648,2020-12-29 04:00:00+00:00,2021-01-14 04:00:00+00:00,16 days 00:00:00,core_long
1e-08,2251,2270,37107.37,34787.76,,,-2.3483680520000047e-05,2.8758052000000007e-07,-0.06328575838169088,2021-01-14 04:00:00+00:00,2021-01-17 08:00:00+00:00,3 days 04:00:00,core_long
1.8986241000000001,2251,2275,37107.37,35148.25,,,-3774.506951388981,54.87450459697681,-0.05357486256773257,2021-01-14 04:00:00+00:00,2021-01-18 04:00:00+00:00,4 days 00:00:00,core_long
1e-08,2275,2295,35148.25,32247.14,,,-2.9280681560000045e-05,2.6958156000000006e-07,-0.08330622878806214,2021-01-18 04:00:00+00:00,2021-01-21 12:00:00+00:00,3 days 08:00:00,core_long
1.96151296,2275,2299,35148.25,30944.039999999997,,,-8298.46875491804,51.85635335643137,-0.12036579107067934,2021-01-18 04:00:00+00:00,2021-01-22 04:00:00+00:00,4 days 00:00:00,core_long
1e-08,2299,2331,30944.039999999997,30647.15,,,-3.2152647599999843e-06,2.4636476000000005e-07,-0.010390578476501416,2021-01-22 04:00:00+00:00,2021-01-27 12:00:00+00:00,5 days 08:00:00,core_long
2.12078603,2299,2335,30944.039999999997,31424.24,,,965.4935408303571,52.90791077565137,0.014712128345232313,2021-01-22 04:00:00+00:00,2021-01-28 04:00:00+00:00,6 days 00:00:00,core_long
1e-08,2335,2356,31424.24,32878.84,,,1.4288787679999938e-05,2.5721232000000006e-07,0.04547059111055651,2021-01-28 04:00:00+00:00,2021-01-31 16:00:00+00:00,3 days 12:00:00,core_long
2.10066276,2335,2359,31424.24,33600.37,,,4516.677341234594,54.637910684209444,0.06842234389757727,2021-01-28 04:00:00+00:00,2021-02-01 04:00:00+00:00,4 days 00:00:00,core_long
1e-08,2359,2492,33600.37,49680.0,,,0.00016046317851999998,3.3312148000000003e-07,0.4775637248042209,2021-02-01 04:00:00+00:00,2021-02-23 08:00:00+00:00,22 days 04:00:00,core_long
2.01836109,2359,2509,33600.37,47346.45,,,27679.201047288298,65.35196473889353,0.40814137677650547,2021-02-01 04:00:00+00:00,2021-02-26 04:00:00+00:00,25 days 00:00:00,core_long
1e-08,2509,2560,47346.45,47282.01,,,-1.0229138399999765e-06,3.7851384e-07,-0.0021604868791640754,2021-02-26 04:00:00+00:00,2021-03-06 16:00:00+00:00,8 days 12:00:00,core_long
1.66612138,2509,2563,47346.45,49582.55,,,3661.0158261211986,64.598191696808,0.04640957030569361,2021-02-26 04:00:00+00:00,2021-03-07 04:00:00+00:00,9 days 00:00:00,core_long
1e-08,2563,2616,49582.55,55646.61000000001,,,6.021968336000003e-05,4.209166400000001e-07,0.121453380997952,2021-03-07 04:00:00+00:00,2021-03-16 00:00:00+00:00,8 days 20:00:00,core_long
1.62050466,2563,2617,49582.55,54330.15,,,7626.151517982721,67.35640583327282,0.09491312810656155,2021-03-07 04:00:00+00:00,2021-03-16 04:00:00+00:00,9 days 00:00:00,core_long
1e-08,2617,2657,54330.15,55571.42,,,1.197309371999997e-05,4.3960628e-07,0.02203765997332958,2021-03-16 04:00:00+00:00,2021-03-22 20:00:00+00:00,6 days 16:00:00,core_long
1.53502235,2617,2659,54330.15,54715.0,,,523.7986544338655,66.954696963641,0.006280710434261711,2021-03-16 04:00:00+00:00,2021-03-23 04:00:00+00:00,7 days 00:00:00,core_long
1e-08,2659,2674,54715.0,51024.33,,,-3.7329657319999986e-05,4.2295732000000004e-07,-0.06822563706479025,2021-03-23 04:00:00+00:00,2021-03-25 16:00:00+00:00,2 days 12:00:00,core_long
1.5280531800000001,2659,2677,54715.0,52421.61,,,-3569.906057522172,65.48417504196793,-0.042698430850772226,2021-03-23 04:00:00+00:00,2021-03-26 04:00:00+00:00,3 days 00:00:00,core_long
1e-08,2677,2751,52421.61,56374.04,,,3.908911739999998e-05,4.3518260000000007e-07,0.07456680059998143,2021-03-26 04:00:00+00:00,2021-04-07 12:00:00+00:00,12 days 08:00:00,core_long
1.56767483,2677,2755,52421.61,56590.01000000001,,,6466.337852231399,68.35790914060985,0.0786850184876048,2021-03-26 04:00:00+00:00,2021-04-08 04:00:00+00:00,13 days 00:00:00,core_long
0.6032103,2755,2786,56590.01000000001,62183.33784213661,55536.07,62183.33784213661,3345.2948429400285,28.658122713543833,0.09799995622901898,2021-04-08 04:00:00+00:00,2021-04-13 08:00:00+00:00,5 days 04:00:00,pullback_struct_long
1.49788876,2755,2791,56590.01000000001,63857.86,,,10814.263820110411,72.16700425557649,0.1275785399578476,2021-04-08 04:00:00+00:00,2021-04-14 04:00:00+00:00,6 days 00:00:00,core_long
0.41093974,2791,2804,63857.86,61107.250421660785,61107.250421660785,69359.10915667843,-1150.8760369585252,20.54125199429943,-0.04385670961269098,2021-04-14 04:00:00+00:00,2021-04-16 08:00:00+00:00,2 days 04:00:00,pullback_struct_long
1e-08,2809,2815,62456.49,54849.469999999994,,,-7.653942383999998e-05,4.6922384e-07,-0.12254839143217941,2021-04-17 04:00:00+00:00,2021-04-18 04:00:00+00:00,1 days 00:00:00,core_long
1.44047371,2809,2833,62456.49,55205.64,,,-10512.454482124534,67.79568197104092,-0.11684798252351343,2021-04-17 04:00:00+00:00,2021-04-21 04:00:00+00:00,4 days 00:00:00,core_long
1e-08,2833,2846,55205.64,48000.81,,,-7.246112580000001e-05,4.1282580000000004e-07,-0.1312567444195919,2021-04-21 04:00:00+00:00,2021-04-23 08:00:00+00:00,2 days 04:00:00,core_long
1.55353024,2833,2857,55205.64,49680.01000000001,,,-8649.410511658012,65.17721160682241,-0.10085172927983432,2021-04-21 04:00:00+00:00,2021-04-25 04:00:00+00:00,4 days 00:00:00,core_long
1e-08,2857,2914,49680.01000000001,53876.71,,,4.1552773119999956e-05,4.142268800000001e-07,0.08364083082914021,2021-04-25 04:00:00+00:00,2021-05-04 16:00:00+00:00,9 days 12:00:00,core_long
1.65670761,2857,2917,49680.01000000001,54874.98999999999,,,8537.276074132358,69.28682566542,0.10372699200342327,2021-04-25 04:00:00+00:00,2021-05-05 04:00:00+00:00,10 days 00:00:00,core_long
0.35104373,2917,2935,54874.98999999999,58172.21000000001,53043.62000000001,63271.09441414116,1141.5946031289814,15.8738043016224,0.05926199020719656,2021-05-05 04:00:00+00:00,2021-05-08 04:00:00+00:00,3 days 00:00:00,pullback_struct_long
1.56207402,2917,2935,54874.98999999999,58172.21000000001,,,5079.866462562919,70.6352376614976,0.05926199020719656,2021-05-05 04:00:00+00:00,2021-05-08 04:00:00+00:00,3 days 00:00:00,core_long
0.306722,2935,2951,58172.21000000001,54577.489670737334,54577.489670737334,65361.650658525345,-1116.4129341850678,13.833125352963158,-0.0625697426508459,2021-05-08 04:00:00+00:00,2021-05-10 20:00:00+00:00,2 days 16:00:00,pullback_struct_long
1e-08,2953,2964,55197.6,49596.75,,,-5.642767740000003e-05,4.191774e-07,-0.102228497978173,2021-05-11 04:00:00+00:00,2021-05-13 00:00:00+00:00,1 days 20:00:00,core_long
1.58992417,2953,3099,55197.6,36610.27,,,-29610.8322433698,58.38702060368716,-0.33740693704074104,2021-05-11 04:00:00+00:00,2021-06-04 12:00:00+00:00,24 days 08:00:00,core_long
-0.72581111,3099,3145,36610.27,35576.0,41460.08640591461,,729.727218037513,20.95743870218388,0.027462116285949183,2021-06-04 12:00:00+00:00,2021-06-12 04:00:00+00:00,7 days 16:00:00,bear_core
-0.17005806,3145,3155,35576.0,38489.0,38489.0,29352.346334266032,-500.4172688655598,5.03814008556,-0.082713795817405,2021-06-12 04:00:00+00:00,2021-06-13 20:00:00+00:00,1 days 16:00:00,crash_short
-0.18236592000000001,3199,3207,34652.45,29233.909488428046,37361.72025578597,29233.909488428046,983.4968475606663,4.660277889423163,0.15563072647898143,2021-06-21 04:00:00+00:00,2021-06-22 12:00:00+00:00,1 days 08:00:00,crash_short
1.89938606,3475,3547,40226.33,45083.38,,,9160.598633140335,64.81442958265704,0.11989475838337724,2021-08-06 04:00:00+00:00,2021-08-18 04:00:00+00:00,12 days 00:00:00,core_long
1e-08,3547,3549,45083.38,44784.18,,,-3.3514702400000013e-06,3.5947024000000005e-07,-0.007433937384464027,2021-08-18 04:00:00+00:00,2021-08-18 12:00:00+00:00,0 days 08:00:00,pullback_struct_long
1.14448405,3547,3552,45083.38,44208.88,44208.88,50323.33496787902,-1041.728728668381,40.877426943381195,-0.02018963316415049,2021-08-18 04:00:00+00:00,2021-08-19 00:00:00+00:00,0 days 20:00:00,pullback_struct_long
1e-08,3559,3588,47092.39,47719.37,,,5.890552959999992e-06,3.7924704000000007e-07,0.012508502881251144,2021-08-20 04:00:00+00:00,2021-08-25 00:00:00+00:00,4 days 20:00:00,core_long
1.69138962,3559,3589,47092.39,48005.02,,,1479.274200035442,64.33870886515369,0.01857181247331037,2021-08-20 04:00:00+00:00,2021-08-25 04:00:00+00:00,5 days 00:00:00,core_long
1.67155546,3589,3601,48005.02,46845.71,,,-2001.2702625791924,63.41930224659433,-0.024940106097237263,2021-08-25 04:00:00+00:00,2021-08-27 04:00:00+00:00,2 days 00:00:00,core_long
1.75541029,3601,3637,46845.71,49616.899999999994,46280.0,51611.61791891849,4796.8428582673905,67.73258327770276,0.058332021352648915,2021-08-27 04:00:00+00:00,2021-09-02 04:00:00+00:00,6 days 00:00:00,pullback_struct_long
0.44022493,3637,3669,49616.899999999994,47306.693629771566,47306.693629771566,54237.31274045686,-1034.0777105077718,17.067272888405853,-0.04734225249220213,2021-09-02 04:00:00+00:00,2021-09-07 12:00:00+00:00,5 days 08:00:00,pullback_struct_long
1e-08,3697,3745,45327.95,45552.92,,,1.8861765200000337e-06,3.6352348e-07,0.004161177639844866,2021-09-12 04:00:00+00:00,2021-09-20 04:00:00+00:00,8 days 00:00:00,core_long
1.78581579,3697,3811,45327.95,43609.27,,,-3132.7760786750787,63.53019671788152,-0.03870139479063131,2021-09-12 04:00:00+00:00,2021-10-01 04:00:00+00:00,19 days 00:00:00,core_long
1.82747292,3811,3835,43609.27,49277.76999999999,,,10291.130826932409,67.89942008758271,0.12913183788676116,2021-10-01 04:00:00+00:00,2021-10-05 04:00:00+00:00,4 days 00:00:00,core_long
0.41558598,3835,3843,49277.76999999999,54319.40918917749,46756.935405411255,54319.40918917749,2078.013149145307,17.221414095427974,0.101469695513856,2021-10-05 04:00:00+00:00,2021-10-06 12:00:00+00:00,1 days 08:00:00,pullback_struct_long
1.54302348,3847,3871,54853.63,56538.240000000005,,,2530.64067628637,68.75210835644305,0.029898718680969768,2021-10-07 04:00:00+00:00,2021-10-11 04:00:00+00:00,4 days 00:00:00,core_long
0.32104126,3871,3883,56538.240000000005,56275.509999999995,53203.29910830911,63208.121783381794,-98.83431761793156,14.48714737813,-0.005445084601147958,2021-10-11 04:00:00+00:00,2021-10-13 04:00:00+00:00,2 days 00:00:00,pullback_struct_long
0.40718342,3883,3895,56275.509999999995,59445.05,53647.30000000001,62824.124570160326,1271.7363396727544,18.84779735404608,0.05549930646563668,2021-10-13 04:00:00+00:00,2021-10-15 04:00:00+00:00,2 days 00:00:00,pullback_struct_long
0.31908358000000003,3895,3927,59445.05,66192.58624267446,56071.26687866278,66192.58624267446,2136.9924577902934,16.035562702020126,0.11266339565998143,2021-10-15 04:00:00+00:00,2021-10-20 12:00:00+00:00,5 days 08:00:00,pullback_struct_long
1e-08,3931,3944,65125.63,60925.49,,,-4.250560447999998e-05,5.0420448e-07,-0.0652670914354302,2021-10-21 04:00:00+00:00,2021-10-23 08:00:00+00:00,2 days 04:00:00,core_long
1.33550675,3931,3949,65125.63,61279.86,,,-5203.577948000324,67.52615405282302,-0.05982793864719619,2021-10-21 04:00:00+00:00,2021-10-24 04:00:00+00:00,3 days 00:00:00,core_long
1e-08,3949,3968,61279.86,59998.99,,,-1.3293815400000026e-05,4.851154e-07,-0.021693612550681415,2021-10-24 04:00:00+00:00,2021-10-27 08:00:00+00:00,3 days 04:00:00,core_long
1.38536739,3949,3973,61279.86,58876.35,,,-3396.3285735548934,66.58419801599676,-0.04000616979216335,2021-10-24 04:00:00+00:00,2021-10-28 04:00:00+00:00,4 days 00:00:00,core_long
0.6195574,3973,3976,58876.35,57865.0,57865.0,64999.98100233901,-655.5205634013976,28.931186911395997,-0.017970654430853827,2021-10-28 04:00:00+00:00,2021-10-28 16:00:00+00:00,0 days 12:00:00,pullback_struct_long
1e-08,3973,4026,58876.35,61006.00000000001,,,2.081697060000003e-05,4.795294000000001e-07,0.035357101111057276,2021-10-28 04:00:00+00:00,2021-11-06 00:00:00+00:00,8 days 20:00:00,core_long
1.4188571700000001,3973,4027,58876.35,61169.149999999994,,,3185.0247520155012,68.130967360494,0.03812705441149121,2021-10-28 04:00:00+00:00,2021-11-06 04:00:00+00:00,9 days 00:00:00,core_long
1.38220866,4027,4045,61169.149999999994,68563.99,,,10149.484579475607,71.72730783879696,0.12004330195858529,2021-11-06 04:00:00+00:00,2021-11-09 04:00:00+00:00,3 days 00:00:00,core_long
0.34934679,4045,4055,68563.99,65393.53846128995,65393.53846128995,74904.8630774201,-1126.3061209246318,18.71905302571411,-0.047022271459035155,2021-11-09 04:00:00+00:00,2021-11-10 20:00:00+00:00,1 days 16:00:00,pullback_struct_long
0.33686222,4063,4086,64890.44000000001,61619.20803386685,61619.20803386685,71432.90393226633,-1119.0009906018217,17.046528355242813,-0.051191451704545386,2021-11-12 04:00:00+00:00,2021-11-16 00:00:00+00:00,3 days 20:00:00,pullback_struct_long
1e-08,4087,4105,60943.68,55940.0,,,-5.050433472e-05,4.675347200000001e-07,-0.0828705039144338,2021-11-16 04:00:00+00:00,2021-11-19 04:00:00+00:00,3 days 00:00:00,core_long
1.43918016,4087,4111,60943.68,58532.75,,,-3538.541866206254,68.77924305745154,-0.04034414351086125,2021-11-16 04:00:00+00:00,2021-11-20 04:00:00+00:00,4 days 00:00:00,core_long
1e-08,4111,4149,58532.75,53766.35,,,-4.8113196399999994e-05,4.4919640000000004e-07,-0.0821987629147785,2021-11-20 04:00:00+00:00,2021-11-26 12:00:00+00:00,6 days 08:00:00,core_long
1.47428721,4111,4159,58532.75,54176.78,,,-6488.417345553345,66.46648740964453,-0.07518959577330643,2021-11-20 04:00:00+00:00,2021-11-28 04:00:00+00:00,8 days 00:00:00,core_long
1e-08,4159,4193,54176.78,53884.34999999999,,,-3.3565445200000628e-06,4.3224452e-07,-0.006195540820255571,2021-11-28 04:00:00+00:00,2021-12-03 20:00:00+00:00,5 days 16:00:00,core_long
1.5449378,4159,4194,54176.78,53611.86,,,-939.3769597146368,66.6106977386368,-0.011223174503911063,2021-11-28 04:00:00+00:00,2021-12-04 00:00:00+00:00,5 days 20:00:00,core_long
-0.38078175000000003,4194,4196,53611.86,47241.92,,,2410.1955890579957,15.361311537006,0.11806340029985915,2021-12-04 00:00:00+00:00,2021-12-04 08:00:00+00:00,0 days 08:00:00,bear_core
-1e-08,4194,4197,53611.86,46483.34,,,7.088481920000005e-05,4.0038080000000003e-07,0.13221854119592205,2021-12-04 00:00:00+00:00,2021-12-04 12:00:00+00:00,0 days 12:00:00,bear_core
-0.16319217,4194,4348,53611.86,47941.37,60826.87141287299,,918.7504912736157,6.629076789683642,0.10501162817331826,2021-12-04 00:00:00+00:00,2021-12-29 16:00:00+00:00,25 days 16:00:00,bear_core
0.81228028,4348,4348,47941.37,47290.0,47290.0,51705.63724707925,-560.0368315389583,30.941825555353446,-0.014381369326742312,2021-12-29 16:00:00+00:00,2021-12-29 16:00:00+00:00,0 days 00:00:00,sweep_reversal_long
-0.67415567,4573,4573,41428.67,41741.76,41741.76,36291.18266938274,-233.49932550463802,22.42792678433524,-0.008360349777099001,2022-02-05 04:00:00+00:00,2022-02-05 04:00:00+00:00,0 days 00:00:00,sweep_reversal_short
-1e-08,4902,4915,45505.9,45930.2,,,-4.608744399999966e-06,3.657444e-07,-0.010127795296873528,2022-04-01 00:00:00+00:00,2022-04-03 04:00:00+00:00,2 days 04:00:00,bear_core
-0.64866906,4902,5028,45505.9,40449.7,48692.654988952796,,3257.497805870508,22.302695301494403,0.11035531128930537,2022-04-01 00:00:00+00:00,2022-04-22 00:00:00+00:00,21 days 00:00:00,bear_core
-0.74102248,5028,5149,40449.7,28380.799999999996,44311.138834516714,,8922.924229748145,20.401979123856,0.2976874439118214,2022-04-22 00:00:00+00:00,2022-05-12 04:00:00+00:00,20 days 04:00:00,bear_core
-0.94297695,5149,5161,28380.799999999996,29563.4,48195.08875682399,,-1137.0205590644803,21.856017994476005,-0.04248568327883667,2022-05-12 04:00:00+00:00,2022-05-14 04:00:00+00:00,2 days 00:00:00,bear_core
-1.0507495,5161,5239,29563.4,29004.8,45981.85842810194,,562.3324679536424,24.616202746360003,0.01810254300926154,2022-05-14 04:00:00+00:00,2022-05-27 04:00:00+00:00,13 days 00:00:00,bear_core
-0.3650808,5239,5257,29004.8,30588.889827410003,30588.889827410003,25836.32034518,-587.0233862455636,8.702604782857083,-0.05543659336871728,2022-05-27 04:00:00+00:00,2022-05-30 04:00:00+00:00,3 days 00:00:00,crash_short
-0.48297897,5287,5298,29543.3,30737.520471223757,30737.520471223757,27154.559057552488,-588.4291205773443,11.645747432778627,-0.04123888663122436,2022-06-04 04:00:00+00:00,2022-06-06 00:00:00+00:00,1 days 20:00:00,crash_short
-0.59840282,5755,5773,21198.2,21253.1,22159.704300152793,19275.491399694416,-43.01350587106464,10.1611910530664,-0.003390878470813311,2022-08-21 04:00:00+00:00,2022-08-24 04:00:00+00:00,3 days 00:00:00,crash_short
-0.6679783,5773,5801,21253.1,19531.00261803768,22114.29869098116,19531.00261803768,1139.4265234241102,10.897158213528943,0.08026046745722275,2022-08-24 04:00:00+00:00,2022-08-28 20:00:00+00:00,4 days 16:00:00,crash_short
2.01201621,6124,6148,19158.6,20088.831633834212,18882.4,20088.831633834212,1840.0545388699677,31.586587459256492,0.04773483768024178,2022-10-21 16:00:00+00:00,2022-10-25 16:00:00+00:00,4 days 00:00:00,sweep_reversal_long
-4.29102755,6367,6369,17143.8,17248.3,17248.3,16070.95089856648,-507.4433584159424,59.03097944094199,-0.0068979362801712745,2022-12-01 04:00:00+00:00,2022-12-01 12:00:00+00:00,0 days 08:00:00,bull_trap_short
-2.4341561400000002,6523,6541,16868.1,16425.166457851083,16960.0,16425.166457851083,1045.7529976461128,32.41640358761371,0.025469153939434393,2022-12-27 04:00:00+00:00,2022-12-30 04:00:00+00:00,3 days 00:00:00,sweep_reversal_short
6.1005506,6544,6577,16547.7,16819.0,16455.6,17038.3774563281,1573.6572810979915,81.422096682008,0.015588469696694899,2022-12-30 16:00:00+00:00,2023-01-05 04:00:00+00:00,5 days 12:00:00,sweep_reversal_long
-3.55329113,6577,6587,16819.0,16984.6,16984.6,16297.123649523171,-636.4706239448269,48.0456128168272,-0.01064994589452403,2023-01-05 04:00:00+00:00,2023-01-06 20:00:00+00:00,1 days 16:00:00,crash_short
-5.27295392,6589,6599,16944.3,17030.0,17030.0,16422.825206121448,-523.5501182897,71.6579673457024,-0.005859771132475171,2023-01-07 04:00:00+00:00,2023-01-08 20:00:00+00:00,1 days 16:00:00,bull_trap_short
-2.8977832,6613,6616,17407.7,17485.4,17485.4,16810.453910782802,-265.6028102303708,40.445055590368014,-0.005265327412581785,2023-01-11 04:00:00+00:00,2023-01-11 16:00:00+00:00,0 days 12:00:00,sweep_reversal_short
1.60591444,6667,6671,21086.2,22602.45493210929,20386.0,22602.45493210929,2406.911593467666,28.06409672786061,0.07107868986049859,2023-01-20 04:00:00+00:00,2023-01-20 20:00:00+00:00,0 days 16:00:00,pullback_struct_long
3.99364329,6679,6691,22766.0,23078.2,,,1173.581282451839,73.2341526861672,0.012907946938416941,2023-01-22 04:00:00+00:00,2023-01-24 04:00:00+00:00,2 days 00:00:00,core_long
1.22536331,6691,6703,23078.2,23129.5,22145.940495622785,24942.719008754433,40.212649715205195,22.648488087794803,0.0014219878500056004,2023-01-24 04:00:00+00:00,2023-01-26 04:00:00+00:00,2 days 00:00:00,pullback_struct_long
1e-08,6703,6721,23129.5,23190.0,,,4.1972199999998486e-07,1.8527800000000003e-07,0.001814660930845896,2023-01-26 04:00:00+00:00,2023-01-29 04:00:00+00:00,3 days 00:00:00,pullback_struct_long
1.35630654,6703,6727,23129.5,23700.8,22287.0,25184.350558403064,749.4514294379339,25.406496864064803,0.023890178343673685,2023-01-26 04:00:00+00:00,2023-01-30 04:00:00+00:00,4 days 00:00:00,pullback_struct_long
3.86924776,6727,6745,23700.8,23852.1,,,511.81960536539736,73.5975807226016,0.005581197259164167,2023-01-30 04:00:00+00:00,2023-02-02 04:00:00+00:00,3 days 00:00:00,core_long
1e-08,6745,6763,23852.1,23343.3,,,-5.276781600000016e-06,1.887816e-07,-0.022122922509967714,2023-02-02 04:00:00+00:00,2023-02-05 04:00:00+00:00,3 days 00:00:00,pullback_struct_long
1.18081979,6745,6766,23852.1,22879.26049635704,22879.26049635704,25798.079007285924,-1170.8206645104724,22.072526115089047,-0.04157001051653737,2023-02-02 04:00:00+00:00,2023-02-05 16:00:00+00:00,3 days 12:00:00,pullback_struct_long
1e-08,6769,6791,22892.0,22027.3,,,-8.8266772e-06,1.796772e-07,-0.038557911934300165,2023-02-06 04:00:00+00:00,2023-02-09 20:00:00+00:00,3 days 16:00:00,core_long
3.99444225,6769,6792,22892.0,21793.3,,,-4460.090840184573,71.39714010956999,-0.04877573475449944,2023-02-06 04:00:00+00:00,2023-02-10 00:00:00+00:00,3 days 20:00:00,core_long
-1e-08,6792,6799,21793.3,21668.8,,,1.0711515999999788e-06,1.738484e-07,0.004915050038314455,2023-02-10 00:00:00+00:00,2023-02-11 04:00:00+00:00,1 days 04:00:00,bear_core
-1.43989698,6792,6823,21793.3,22088.9,23390.077543296844,,-450.90788619030684,25.274338902302404,-0.014369227239564606,2023-02-10 00:00:00+00:00,2023-02-15 04:00:00+00:00,5 days 04:00:00,bear_core
4.0507747400000005,6823,6847,22088.9,24687.0,,,10448.526398329686,75.7914536643064,0.11677311409803112,2023-02-15 04:00:00+00:00,2023-02-19 04:00:00+00:00,4 days 00:00:00,core_long
1.28104086,6847,6867,24687.0,23773.144511498132,23773.144511498132,26514.71097700373,-1195.5179909864446,24.83177008029354,-0.037802873832643344,2023-02-19 04:00:00+00:00,2023-02-22 12:00:00+00:00,3 days 08:00:00,pullback_struct_long
1e-08,6871,6883,24444.3,23064.9,,,-1.3984036799999997e-05,1.900368e-07,-0.05720776131858956,2023-02-23 04:00:00+00:00,2023-02-25 04:00:00+00:00,2 days 00:00:00,core_long
3.8118040300000002,6871,6889,24444.3,23201.8,,,-4808.8135456725195,72.6470383975132,-0.05160951387440023,2023-02-23 04:00:00+00:00,2023-02-26 04:00:00+00:00,3 days 00:00:00,core_long
1e-08,6889,6919,23201.8,22306.4,,,-9.136032799999955e-06,1.8203280000000002e-07,-0.0393763966588797,2023-02-26 04:00:00+00:00,2023-03-03 04:00:00+00:00,5 days 00:00:00,core_long
3.93306231,6889,6920,23201.8,22347.8,,,-3430.494978738229,71.6597659982304,-0.03759276607849392,2023-02-26 04:00:00+00:00,2023-03-03 08:00:00+00:00,5 days 04:00:00,core_long
-1e-08,6920,6931,22347.8,22374.2,,,-4.4288800000000965e-07,1.78888e-07,-0.001981796865910708,2023-03-03 08:00:00+00:00,2023-03-05 04:00:00+00:00,1 days 20:00:00,bear_core
-1.4076941,6920,6981,22347.8,24234.426888303686,24234.426888303686,,-2682.0229499486713,26.229410382210585,-0.08525491453561464,2023-03-03 08:00:00+00:00,2023-03-13 12:00:00+00:00,10 days 04:00:00,bear_core
3.44627242,7003,7033,25769.9,28137.600000000002,,,8085.427236641539,74.31197219246,0.09104175802001555,2023-03-17 04:00:00+00:00,2023-03-22 04:00:00+00:00,5 days 00:00:00,core_long
0.82637815,7033,7036,28137.600000000002,26745.430312988574,26745.430312988574,30922.23937402286,-1168.6002652611576,18.14165482257657,-0.0502574099829631,2023-03-22 04:00:00+00:00,2023-03-22 16:00:00+00:00,0 days 12:00:00,pullback_struct_long
1e-08,7045,7133,28211.3,27886.3,,,-3.4743903999999975e-06,2.2439040000000003e-07,-0.012315598359522551,2023-03-24 04:00:00+00:00,2023-04-07 20:00:00+00:00,14 days 16:00:00,core_long
3.24606523,7045,7135,28211.3,28005.9,,,-739.735677541175,72.9938792991824,-0.008077858163218175,2023-03-24 04:00:00+00:00,2023-04-08 04:00:00+00:00,15 days 00:00:00,core_long
3.2593112300000002,7135,7153,28005.9,30105.7,,,6768.14020456469,75.7615161893072,0.07414706758218803,2023-04-08 04:00:00+00:00,2023-04-11 04:00:00+00:00,3 days 00:00:00,core_long
1e-08,7153,7190,30105.7,29831.2,,,-2.984747600000015e-06,2.397476e-07,-0.009914227538306765,2023-04-11 04:00:00+00:00,2023-04-17 08:00:00+00:00,6 days 04:00:00,pullback_struct_long
1.00961593,7153,7195,30105.7,29431.6,28942.15913109277,32433.08173781446,-704.6260210166806,24.043922603675604,-0.02318215221702224,2023-04-11 04:00:00+00:00,2023-04-18 04:00:00+00:00,7 days 00:00:00,pullback_struct_long
2.76512921,7195,7202,29431.6,29219.900000000005,29219.900000000005,30969.279245733393,-650.2494441011092,64.871590344126,-0.007990071895513505,2023-04-18 04:00:00+00:00,2023-04-19 08:00:00+00:00,1 days 04:00:00,sweep_reversal_long
3.42163041,7219,7231,27309.9,27780.1,,,1533.4515710672342,75.39904771476,0.01641031274373027,2023-04-22 04:00:00+00:00,2023-04-24 04:00:00+00:00,2 days 00:00:00,core_long
1.7289923,7231,7234,27780.1,27100.000000000004,27100.000000000004,29653.791306010276,-1213.842571359286,37.954908129292,-0.02527176072080356,2023-04-24 04:00:00+00:00,2023-04-24 16:00:00+00:00,0 days 12:00:00,pullback_struct_long
1e-08,7243,7275,28296.1,28510.6,,,1.9177732000000007e-06,2.272268e-07,0.006777517749795943,2023-04-26 04:00:00+00:00,2023-05-01 12:00:00+00:00,5 days 08:00:00,core_long
3.30689306,7243,7279,28296.1,28031.9,,,-948.1894153654606,74.508268913472,-0.010133240976671547,2023-04-26 04:00:00+00:00,2023-05-02 04:00:00+00:00,6 days 00:00:00,core_long
1e-08,7279,7314,28031.9,28419.5,,,3.650194399999988e-06,2.258056e-07,0.013021573279014305,2023-05-02 04:00:00+00:00,2023-05-08 00:00:00+00:00,5 days 20:00:00,core_long
3.32453571,7279,7315,28031.9,28188.1,,,444.5303188555143,74.76215904648001,0.004769994185196183,2023-05-02 04:00:00+00:00,2023-05-08 04:00:00+00:00,6 days 00:00:00,core_long
1e-08,7315,7339,28188.1,26574.699999999997,,,-1.6353051200000004e-05,2.190512e-07,-0.058014024357796415,2023-05-08 04:00:00+00:00,2023-05-12 04:00:00+00:00,4 days 00:00:00,core_long
3.31241884,7315,7357,28188.1,27216.4,,,-3292.086550676299,73.409163848312,-0.035258204703403115,2023-05-08 04:00:00+00:00,2023-05-15 04:00:00+00:00,7 days 00:00:00,core_long
1e-08,7357,7398,27216.4,26732.8,,,-5.051796800000033e-06,2.1579680000000003e-07,-0.018561590805543888,2023-05-15 04:00:00+00:00,2023-05-22 00:00:00+00:00,6 days 20:00:00,core_long
3.3823167400000003,7357,7435,27216.4,27174.5,,,-215.30597203547921,73.58690062946641,-0.002338897135550782,2023-05-15 04:00:00+00:00,2023-05-28 04:00:00+00:00,13 days 00:00:00,core_long
1e-08,7435,7456,27174.5,26899.999999999996,,,-2.961298000000015e-06,2.16298e-07,-0.010897341257428904,2023-05-28 04:00:00+00:00,2023-05-31 16:00:00+00:00,3 days 12:00:00,core_long
3.38436392,7435,7573,27174.5,26880.7,,,-1067.5031071233414,73.1769874273536,-0.011607281826712407,2023-05-28 04:00:00+00:00,2023-06-20 04:00:00+00:00,23 days 00:00:00,core_long
0.91159788,7573,7577,26880.7,28386.982033788037,26127.558983105984,28386.982033788037,1352.9707479734545,20.152760709806106,0.055213404449085055,2023-06-20 04:00:00+00:00,2023-06-20 20:00:00+00:00,0 days 16:00:00,pullback_struct_long
3.40547557,7573,7615,26880.7,30360.0,,,11770.698428517111,77.9727221838796,0.12858309939845303,2023-06-20 04:00:00+00:00,2023-06-27 04:00:00+00:00,7 days 00:00:00,core_long
1.40697953,7615,7627,30360.0,30162.3,29500.1,32223.421697247148,-312.2213079644092,34.0614548834076,-0.007309252964426945,2023-06-27 04:00:00+00:00,2023-06-29 04:00:00+00:00,2 days 00:00:00,pullback_struct_long
3.37797377,7627,7635,30162.3,29804.6,29804.6,32001.635976055706,-1289.3278636362838,81.0266461072852,-0.012654431525447273,2023-06-29 04:00:00+00:00,2023-06-30 12:00:00+00:00,1 days 08:00:00,pullback_struct_long
1e-08,7639,7666,30391.200000000004,30345.1,,,-7.039452000000487e-07,2.4294520000000005e-07,-0.0023162797125485827,2023-07-01 04:00:00+00:00,2023-07-05 16:00:00+00:00,4 days 12:00:00,core_long
3.16369778,7639,7669,30391.200000000004,30477.6,,,196.31529321947636,77.02819497250562,0.002041791044775821,2023-07-01 04:00:00+00:00,2023-07-06 04:00:00+00:00,5 days 00:00:00,core_long
1e-08,7669,7692,30477.6,30147.8,,,-3.5405015999999946e-06,2.425016e-07,-0.011616733601070937,2023-07-06 04:00:00+00:00,2023-07-10 00:00:00+00:00,3 days 20:00:00,core_long
3.1573046000000002,7669,7693,30477.6,30144.999999999996,,,-1126.6811154975846,76.561605537584,-0.011708567603748376,2023-07-06 04:00:00+00:00,2023-07-10 04:00:00+00:00,4 days 00:00:00,core_long
1e-08,7693,7724,30144.999999999996,30317.7,,,1.4851492000000328e-06,2.418508e-07,0.004926685022391847,2023-07-10 04:00:00+00:00,2023-07-15 08:00:00+00:00,5 days 04:00:00,core_long
3.17719604,7693,7729,30144.999999999996,30174.100000000002,,,15.798162501463366,76.6582422625456,0.00016494808425957744,2023-07-10 04:00:00+00:00,2023-07-16 04:00:00+00:00,6 days 00:00:00,core_long
3.17434129,7729,7741,30174.100000000002,30063.8,,,-426.6161055641627,76.4862612771564,-0.0044539906741212585,2023-07-16 04:00:00+00:00,2023-07-18 04:00:00+00:00,2 days 00:00:00,core_long
2.75508049,7741,7744,30063.8,29630.0,29630.0,31489.41495863937,-1260.9384060635844,65.7844895015848,-0.015223541934153347,2023-07-18 04:00:00+00:00,2023-07-18 16:00:00+00:00,0 days 12:00:00,pullback_struct_long
1e-08,7753,7779,29937.000000000004,29259.7,,,-7.009786800000012e-06,2.3678680000000003e-07,-0.023415127768313525,2023-07-20 04:00:00+00:00,2023-07-24 12:00:00+00:00,4 days 08:00:00,core_long
3.17694289,7753,7825,29937.000000000004,28820.1,,,-3622.994694273825,74.66718043280761,-0.0380934241908009,2023-07-20 04:00:00+00:00,2023-08-01 04:00:00+00:00,12 days 00:00:00,core_long
1e-08,7825,7850,28820.1,29037.9,,,1.9465680000000323e-06,2.31432e-07,0.006754202795965458,2023-08-01 04:00:00+00:00,2023-08-05 08:00:00+00:00,4 days 04:00:00,core_long
3.24979861,7825,7865,28820.1,29144.899999999998,,,980.1847579565467,75.34983057146,0.010465404353211975,2023-08-01 04:00:00+00:00,2023-08-07 20:00:00+00:00,6 days 16:00:00,core_long
1.61091118,7865,7871,29144.899999999998,29992.011886315664,28780.0,29992.011886315664,1326.5162833734562,38.10572500333632,0.02825390107913017,2023-08-07 20:00:00+00:00,2023-08-08 20:00:00+00:00,1 days 00:00:00,sweep_reversal_long
-1e-08,7914,7921,29188.9,28643.500000000004,,,5.222670400000006e-06,2.3132960000000003e-07,0.01789265919579025,2023-08-16 00:00:00+00:00,2023-08-17 04:00:00+00:00,1 days 04:00:00,bear_core
-1.1341174600000001,7914,8045,29188.9,25679.499999999996,29957.475639757096,,3955.1809299471006,24.8908841769056,0.11947872787258192,2023-08-16 00:00:00+00:00,2023-09-06 20:00:00+00:00,21 days 20:00:00,bear_core
1.63586857,8045,8073,25679.499999999996,25312.0,25312.0,26640.163163511046,-634.5478563498566,33.366156874862,-0.015105301894507216,2023-09-06 20:00:00+00:00,2023-09-11 12:00:00+00:00,4 days 16:00:00,sweep_reversal_long
3.2819999,8305,8317,29222.9,29897.0,,,2134.7835302347944,77.61260235520402,0.02225829879991365,2023-10-20 04:00:00+00:00,2023-10-22 04:00:00+00:00,2 days 00:00:00,core_long
1.35497298,8317,8327,29897.0,31682.439113487035,29004.430443256482,31682.439113487035,2385.8463657611537,33.37539044893204,0.058895786796054395,2023-10-22 04:00:00+00:00,2023-10-23 20:00:00+00:00,1 days 16:00:00,pullback_struct_long
2.80930225,8341,8353,34783.4,34068.5,,,-2085.7404975597165,77.37031903471001,-0.02134468625838764,2023-10-26 04:00:00+00:00,2023-10-28 04:00:00+00:00,2 days 00:00:00,core_long
1.02301835,8353,8380,34068.5,34296.9,32884.709883113486,36436.08023377303,205.6817676579661,27.975623482036006,0.005901458532075204,2023-10-28 04:00:00+00:00,2023-11-01 16:00:00+00:00,4 days 12:00:00,pullback_struct_long
-0.40996685,8380,8381,34296.9,34888.2,34888.2,32563.703980490198,-253.7588374105705,11.345439005574,-0.018047521496111735,2023-11-01 16:00:00+00:00,2023-11-01 20:00:00+00:00,0 days 04:00:00,sweep_reversal_short
1.77250071,8395,8419,34700.0,35287.8,34016.8,37055.32647209369,992.2545472614672,49.62137007653521,0.016132705475504275,2023-11-04 04:00:00+00:00,2023-11-08 04:00:00+00:00,4 days 00:00:00,pullback_struct_long
1.09986305,8419,8427,35287.8,37498.54434157066,34182.42782921468,37498.54434157066,2399.494010015794,32.02200427434806,0.06182391092201902,2023-11-08 04:00:00+00:00,2023-11-09 12:00:00+00:00,1 days 08:00:00,pullback_struct_long
1e-08,8431,8461,36754.9,35408.5,,,-1.3752653599999979e-05,2.886536e-07,-0.03741719770697237,2023-11-10 04:00:00+00:00,2023-11-15 04:00:00+00:00,5 days 00:00:00,dip_buy_long
0.66807455,8431,8479,36754.9,36385.0,33814.508,39695.292,-266.6659383568193,19.545162311818,-0.010859938674843457,2023-11-10 04:00:00+00:00,2023-11-18 04:00:00+00:00,8 days 00:00:00,dip_buy_long
2.69653515,8479,8497,36385.0,37485.4,,,2887.5896270021917,79.677652057824,0.029431134808300313,2023-11-18 04:00:00+00:00,2023-11-21 04:00:00+00:00,3 days 00:00:00,core_long
1.03062062,8497,8499,37485.4,36281.4166539829,36281.4166539829,39893.366692034215,-1271.2603034679632,30.410240926141675,-0.032905879960696646,2023-11-21 04:00:00+00:00,2023-11-21 12:00:00+00:00,0 days 08:00:00,pullback_struct_long
0.82392906,8509,8521,37311.0,37791.0,35812.69589338633,40307.60821322734,370.7344606943527,24.751488105648,0.012059692851974013,2023-11-23 04:00:00+00:00,2023-11-25 04:00:00+00:00,2 days 00:00:00,pullback_struct_long
1e-08,8521,8535,37791.0,37023.3,,,-7.976257199999987e-06,2.992572e-07,-0.021106234817813686,2023-11-25 04:00:00+00:00,2023-11-27 12:00:00+00:00,2 days 08:00:00,pullback_struct_long
1.00982691,8521,8539,37791.0,37119.9,36566.58527999808,40239.52944000384,-707.9536563699287,30.258817068927602,-0.01855109311740893,2023-11-25 04:00:00+00:00,2023-11-28 04:00:00+00:00,3 days 00:00:00,pullback_struct_long
2.65692717,8539,8551,37119.9,38034.4,,,2349.8880963200695,79.8718006449324,0.023826526472323528,2023-11-28 04:00:00+00:00,2023-11-30 04:00:00+00:00,2 days 00:00:00,core_long
1.1307659,8551,8563,38034.4,38767.4,36933.866444319654,40235.76711136071,794.1134621005518,34.737942599448004,0.018464318616831087,2023-11-30 04:00:00+00:00,2023-12-02 04:00:00+00:00,2 days 00:00:00,pullback_struct_long
1.28133194,8563,8574,38767.4,40716.29684793284,37793.10157603359,40716.29684793284,2456.4457792294543,40.73799979221347,0.0494514300467317,2023-12-02 04:00:00+00:00,2023-12-04 00:00:00+00:00,1 days 20:00:00,pullback_struct_long
1.29335339,8575,8584,40720.6,43255.26872704658,39453.415636476704,43255.26872704658,3234.7782008541553,43.44418979852828,0.061420469726766534,2023-12-04 04:00:00+00:00,2023-12-05 16:00:00+00:00,1 days 12:00:00,breakout_retest_long
2.3248587400000003,8593,8605,43941.4,44175.0,,,461.1437285930717,81.94327307093441,0.004514044613963168,2023-12-07 04:00:00+00:00,2023-12-09 04:00:00+00:00,2 days 00:00:00,core_long
0.9293639,8605,8616,44175.0,42798.49490476802,42798.49490476802,46928.01019046397,-1311.606154243198,32.33201056853014,-0.031947809693127126,2023-12-09 04:00:00+00:00,2023-12-11 00:00:00+00:00,1 days 20:00:00,pullback_struct_long
2.38298911,8635,8647,42726.8,42354.5,,,-968.2859701988616,81.09912454585721,-0.009510015259743309,2023-12-14 04:00:00+00:00,2023-12-16 04:00:00+00:00,2 days 00:00:00,core_long
1e-08,8647,8656,42354.5,41828.5,,,-5.596731999999987e-06,3.3673200000000003e-07,-0.01321401976177263,2023-12-16 04:00:00+00:00,2023-12-17 16:00:00+00:00,1 days 12:00:00,pullback_struct_long
0.72014942,8647,8659,42354.5,41107.0,40593.922004905915,45875.65599018816,-922.4283017769295,24.041900326932,-0.030241995537664115,2023-12-16 04:00:00+00:00,2023-12-18 04:00:00+00:00,2 days 00:00:00,pullback_struct_long
1e-08,8659,8710,41107.0,42423.1,,,1.2826879599999978e-05,3.341204e-07,0.03120363830977694,2023-12-18 04:00:00+00:00,2023-12-26 16:00:00+00:00,8 days 12:00:00,core_long
2.4584989200000003,8659,8713,41107.0,42274.7,,,2788.791661124875,81.99752775910561,0.027594991607268544,2023-12-18 04:00:00+00:00,2023-12-27 04:00:00+00:00,9 days 00:00:00,core_long
1.13077231,8713,8725,42274.7,42738.2,41597.0,45031.65776890953,485.6608723598818,38.4520933251196,0.01015961887369998,2023-12-27 04:00:00+00:00,2023-12-29 04:00:00+00:00,2 days 00:00:00,pullback_struct_long
2.41696774,8713,8725,42274.7,42738.2,,,1038.0751727764646,82.1893747135384,0.01015961887369998,2023-12-27 04:00:00+00:00,2023-12-29 04:00:00+00:00,2 days 00:00:00,core_long
1.1259486,8725,8729,42738.2,41597.0,41597.0,45534.956441328446,-1322.9153824682855,37.982840148288,-0.027491426405417126,2023-12-29 04:00:00+00:00,2023-12-29 20:00:00+00:00,0 days 16:00:00,pullback_struct_long
2.42260924,8737,8749,42209.4,45434.9,,,7729.1949472146725,84.93115640533281,0.07558606092481765,2023-12-31 04:00:00+00:00,2024-01-02 04:00:00+00:00,2 days 00:00:00,core_long
1.05315792,8749,8756,45434.9,43809.5098901085,43809.5098901085,48685.98021978301,-1749.3878501585043,37.59538283659764,-0.03655973434182854,2024-01-02 04:00:00+00:00,2024-01-03 08:00:00+00:00,1 days 04:00:00,breakout_retest_long
1e-08,8773,8815,43925.8,42625.6,,,-1.3348205600000022e-05,3.4620560000000005e-07,-0.03038807625586786,2024-01-06 04:00:00+00:00,2024-01-13 04:00:00+00:00,7 days 00:00:00,core_long
2.38237775,8773,8821,43925.8,42691.1,,,-3024.0634780586047,82.54167013359,-0.028897521729826396,2024-01-06 04:00:00+00:00,2024-01-14 04:00:00+00:00,8 days 00:00:00,core_long
2.42295718,8821,8833,42691.1,42919.3,,,469.9466951309417,82.97213334506881,0.004543238286200308,2024-01-14 04:00:00+00:00,2024-01-16 04:00:00+00:00,2 days 00:00:00,core_long
0.83597203,8833,8848,42919.3,41370.0,41370.0,46341.00929133998,-1323.3568649703113,28.1853988913116,-0.03688354003909663,2024-01-16 04:00:00+00:00,2024-01-18 16:00:00+00:00,2 days 12:00:00,pullback_struct_long
-1e-08,8849,8851,41014.2,41049.8,,,-6.842560000000217e-07,3.2825600000000005e-07,-0.001668339258110697,2024-01-18 20:00:00+00:00,2024-01-19 04:00:00+00:00,0 days 08:00:00,bear_core
-0.87979571,8849,8863,41014.2,41677.4,44003.502741989396,,-612.5812008452156,29.100685973214404,-0.016976477415139135,2024-01-18 20:00:00+00:00,2024-01-21 04:00:00+00:00,2 days 08:00:00,bear_core
1e-08,8863,8874,41677.4,39567.1,,,-2.142797800000002e-05,3.2497800000000004e-07,-0.05141390297859276,2024-01-21 04:00:00+00:00,2024-01-23 00:00:00+00:00,1 days 20:00:00,core_long
2.46782536,8863,8875,41677.4,40000.1,,,-4219.909798664569,80.62632233656001,-0.04102873499786468,2024-01-21 04:00:00+00:00,2024-01-23 04:00:00+00:00,2 days 00:00:00,core_long
1.26858288,8875,8876,40000.1,39402.0,39402.0,43326.420282440326,-799.0306784064135,40.2912578784192,-0.015746481633795772,2024-01-23 04:00:00+00:00,2024-01-23 08:00:00+00:00,0 days 04:00:00,pullback_struct_long
2.52912508,8875,8935,40000.1,43018.0,,,7548.661315410427,83.98526352157921,0.07461713245716887,2024-01-23 04:00:00+00:00,2024-02-02 04:00:00+00:00,10 days 00:00:00,core_long
0.9155231500000001,8935,8953,43018.0,42707.9,41600.0,46188.18442090013,-315.29734721683246,31.393618401834004,-0.008005726905016435,2024-02-02 04:00:00+00:00,2024-02-05 04:00:00+00:00,3 days 00:00:00,pullback_struct_long
1.54152109,8953,8971,42707.9,44523.5,41866.8,44800.14418830738,2744.9980738799045,53.7876171240904,0.041695036281343724,2024-02-05 04:00:00+00:00,2024-02-08 04:00:00+00:00,3 days 00:00:00,pullback_struct_long
1.3664915100000001,8971,8978,44523.5,47016.96496175878,43276.91751912061,47016.96496175878,3357.26299344917,50.03570727667834,0.05518094435015387,2024-02-08 04:00:00+00:00,2024-02-09 08:00:00+00:00,1 days 04:00:00,breakout_retest_long
2.24160519,8983,8995,47366.9,48138.7,,,1644.4365461883704,85.63433945362561,0.01548756114501894,2024-02-10 04:00:00+00:00,2024-02-12 04:00:00+00:00,2 days 00:00:00,core_long
0.87656722,8995,9008,48138.7,51185.576175611975,46615.111912194014,51185.576175611975,2635.966017082112,34.825761858307374,0.06246837710909791,2024-02-12 04:00:00+00:00,2024-02-14 08:00:00+00:00,2 days 04:00:00,pullback_struct_long
2.05974744,9013,9046,52379.9,51712.69999999999,,,-1460.0252785171983,85.7617865491776,-0.013532615373454553,2024-02-15 04:00:00+00:00,2024-02-20 16:00:00+00:00,5 days 12:00:00,core_long
-0.23402597,9046,9067,51712.69999999999,50878.19999999999,52859.0,48790.20977011641,185.69109801073054,9.6035739542692,0.015343690041324411,2024-02-20 16:00:00+00:00,2024-02-24 04:00:00+00:00,3 days 12:00:00,sweep_reversal_short
1e-08,9067,9081,50878.19999999999,51126.30000000001,,,2.072982000000141e-06,4.08018e-07,0.004074401217024402,2024-02-24 04:00:00+00:00,2024-02-26 12:00:00+00:00,2 days 08:00:00,pullback_struct_long
3.67236098,9067,9082,50878.19999999999,53843.878938776965,50512.7,53843.878938776965,10737.212703396675,153.83091057569774,0.05746646121917569,2024-02-24 04:00:00+00:00,2024-02-26 16:00:00+00:00,2 days 12:00:00,pullback_struct_long
1.9604377400000002,9091,9131,56963.3,61497.299999999996,,,8795.73086078277,92.89385237721761,0.07876326968416496,2024-02-28 04:00:00+00:00,2024-03-05 20:00:00+00:00,6 days 16:00:00,core_long
0.46827213,9131,9133,61497.299999999996,66431.016,56589.384000000005,66431.016,2286.359594126827,23.962106008253233,0.0793944559126987,2024-03-05 20:00:00+00:00,2024-03-06 04:00:00+00:00,0 days 08:00:00,dip_buy_long
1.72722503,9145,9175,67220.0,72135.8,,,8394.413272139747,96.27953033426961,0.07230076881880419,2024-03-08 04:00:00+00:00,2024-03-13 04:00:00+00:00,5 days 00:00:00,core_long
0.4044317,9175,9186,72135.8,68443.56694033912,68443.56694033912,79520.26611932178,-1515.9979940574972,22.74190094264206,-0.05196400132024633,2024-03-13 04:00:00+00:00,2024-03-15 00:00:00+00:00,1 days 20:00:00,pullback_struct_long
-1e-08,9189,9193,67818.3,69247.6,,,-1.4841263599999966e-05,5.482636e-07,-0.021883862615252853,2024-03-15 12:00:00+00:00,2024-03-16 04:00:00+00:00,0 days 16:00:00,bear_core
-0.6133892400000001,9189,9205,67818.3,68038.1,78229.24256550884,,-168.15609653005575,33.33314157805441,-0.004042309524125585,2024-03-15 12:00:00+00:00,2024-03-18 04:00:00+00:00,2 days 16:00:00,bear_core
0.42688632,9205,9211,68038.1,64559.8,64559.8,76453.96961019438,-1507.4803786842926,22.6416918282912,-0.05190237763841152,2024-03-18 04:00:00+00:00,2024-03-19 04:00:00+00:00,1 days 00:00:00,pullback_struct_long
1e-08,9217,9292,61896.3,68280.9,,,6.332529119999989e-05,5.207088e-07,0.102308685979614,2024-03-20 04:00:00+00:00,2024-04-01 16:00:00+00:00,12 days 12:00:00,core_long
1.9093927400000001,9217,9293,61896.3,69682.2,,,14765.846921309943,100.49401305603601,0.12493910944596033,2024-03-20 04:00:00+00:00,2024-04-01 20:00:00+00:00,12 days 16:00:00,core_long
0.5887428100000001,9293,9294,69682.2,68364.8,68364.8,73975.00779731858,-808.1194493708227,32.509671476828004,-0.01969827014646487,2024-04-01 20:00:00+00:00,2024-04-02 00:00:00+00:00,0 days 04:00:00,sweep_reversal_long
1.8855954400000001,9307,9325,65637.2,69402.2,,,6997.414960855859,101.8518707441344,0.05653782062610826,2024-04-04 04:00:00+00:00,2024-04-07 04:00:00+00:00,3 days 00:00:00,core_long
1e-08,9325,9345,69402.2,69094.8,,,-3.627987999999937e-06,5.53988e-07,-0.005227482702277347,2024-04-07 04:00:00+00:00,2024-04-10 12:00:00+00:00,3 days 08:00:00,pullback_struct_long
0.60858916,9325,9346,69402.2,68688.0,66802.58634360296,74601.1273127941,-468.2704576008874,33.616079528892804,-0.011086623766969821,2024-04-07 04:00:00+00:00,2024-04-10 16:00:00+00:00,3 days 12:00:00,pullback_struct_long
0.34816853000000003,9346,9358,68688.0,66419.32134717662,66419.32134717662,73225.05730564675,-808.698558582173,18.816046986273644,-0.03381553664922927,2024-04-10 16:00:00+00:00,2024-04-12 16:00:00+00:00,2 days 00:00:00,sweep_reversal_long
0.37960656,9385,9388,63806.1,59655.24616838396,59655.24616838396,72107.50766323209,-1594.4380388473644,18.746694764779768,-0.06582816329603901,2024-04-17 04:00:00+00:00,2024-04-17 16:00:00+00:00,0 days 12:00:00,pullback_struct_long
1e-08,9403,9434,63931.8,63996.2,,,1.322879999999484e-07,5.11712e-07,0.00020692049965726075,2024-04-20 04:00:00+00:00,2024-04-25 08:00:00+00:00,5 days 04:00:00,core_long
1.9616989900000001,9403,9436,63931.8,64091.59999999999,,,213.0221488114338,100.4573497905464,0.0016985387553610123,2024-04-20 04:00:00+00:00,2024-04-25 16:00:00+00:00,5 days 12:00:00,core_long
0.7494525,9436,9444,64091.59999999999,63045.1,63045.1,68083.144575815,-822.4152083126982,38.1131670627,-0.017121661496982396,2024-04-25 16:00:00+00:00,2024-04-27 00:00:00+00:00,1 days 08:00:00,sweep_reversal_long
1.95611008,9451,9463,63989.899999999994,63627.1,,,-809.5298970557413,99.85316003174401,-0.00646737688291434,2024-04-28 04:00:00+00:00,2024-04-30 04:00:00+00:00,2 days 00:00:00,core_long
0.82097694,9463,9464,63627.1,61726.19999999999,61726.19999999999,68567.57941968343,-1601.759932707166,41.164867461160796,-0.03066368449921503,2024-04-30 04:00:00+00:00,2024-04-30 08:00:00+00:00,0 days 04:00:00,pullback_struct_long
2.16359753,9475,9487,57407.7,62697.99999999999,,,11342.135854615426,103.9441583435684,0.09131628196217577,2024-05-02 04:00:00+00:00,2024-05-04 04:00:00+00:00,2 days 00:00:00,core_long
0.48924546,9487,9514,62697.99999999999,62251.899999999994,59408.789892991874,69276.72021401624,-242.70486822698078,24.452468520981597,-0.007912213467734183,2024-05-04 04:00:00+00:00,2024-05-08 16:00:00+00:00,4 days 12:00:00,pullback_struct_long
1e-08,9514,9516,62251.899999999994,61157.9,,,-1.1433639199999973e-05,4.936392e-07,-0.01836673129655479,2024-05-08 16:00:00+00:00,2024-05-09 00:00:00+00:00,0 days 08:00:00,sweep_reversal_long
0.41786505,9514,9526,62251.899999999994,60327.65987181879,60327.65987181879,66100.08025636245,-824.5613829403729,20.48868556592622,-0.03169818033071984,2024-05-08 16:00:00+00:00,2024-05-10 16:00:00+00:00,2 days 00:00:00,sweep_reversal_long
2.11371961,9529,9565,60706.0,65545.1,,,10121.756794409384,106.74377034162842,0.07888181662438645,2024-05-11 04:00:00+00:00,2024-05-17 04:00:00+00:00,6 days 00:00:00,core_long
0.70351631,9565,9587,65545.1,70248.81332918335,63193.39333540831,70248.81332918335,3270.9257515145637,38.21329313032276,0.07093429964790172,2024-05-17 04:00:00+00:00,2024-05-20 20:00:00+00:00,3 days 16:00:00,pullback_struct_long
1e-08,9589,9605,71323.7,67239.1,,,-4.140025119999998e-05,5.542512e-07,-0.058045574192028715,2024-05-21 04:00:00+00:00,2024-05-23 20:00:00+00:00,2 days 16:00:00,core_long
1.87413711,9589,9613,71323.7,68772.6,,,-4886.135051242473,105.0238699214772,-0.03655360728621754,2024-05-21 04:00:00+00:00,2024-05-25 04:00:00+00:00,4 days 00:00:00,core_long
0.38146224,9613,9629,68772.6,69297.9,66182.79684575112,73951.90630849778,179.3146417888273,21.067472883168,0.00683516109613406,2024-05-25 04:00:00+00:00,2024-05-27 20:00:00+00:00,2 days 16:00:00,pullback_struct_long
1.91524998,9613,9629,68772.6,69297.9,,,900.3050055485404,105.77580894543601,0.00683516109613406,2024-05-25 04:00:00+00:00,2024-05-27 20:00:00+00:00,2 days 16:00:00,core_long
-1e-08,9629,9640,69297.9,67421.0,,,1.822212439999986e-05,5.468756e-07,0.026295348632498,2024-05-27 20:00:00+00:00,2024-05-29 16:00:00+00:00,1 days 20:00:00,sweep_reversal_short
-0.23308272,9629,9643,69297.9,68156.0,70715.4,65393.1835537778,253.34190641335508,12.8152515546432,0.01568472406811744,2024-05-27 20:00:00+00:00,2024-05-30 04:00:00+00:00,2 days 08:00:00,sweep_reversal_short
1.60966033,9643,9652,68156.0,67129.0,67129.0,72395.91732632625,-1740.2263180076106,87.10515909762,-0.015862345208051996,2024-05-30 04:00:00+00:00,2024-05-31 16:00:00+00:00,1 days 12:00:00,pullback_struct_long
1.56701074,9655,9693,67750.0,71964.68755155032,66700.5,71964.68755155032,6516.886892652039,87.57376637160947,0.06138452659084418,2024-06-01 04:00:00+00:00,2024-06-07 12:00:00+00:00,6 days 08:00:00,pullback_struct_long
-1e-08,9696,9697,69377.0,69454.6,,,-1.3313264000000753e-06,5.553264000000001e-07,-0.00191897372328021,2024-06-08 00:00:00+00:00,2024-06-08 04:00:00+00:00,0 days 04:00:00,bear_core
-0.67682166,9696,9709,69377.0,69637.4,73840.00278638765,,-213.87954305275545,37.6351827887616,-0.00455490666935723,2024-06-08 00:00:00+00:00,2024-06-10 04:00:00+00:00,2 days 04:00:00,bear_core
1e-08,9709,9716,69637.4,67582.1,,,-2.110187799999987e-05,5.48878e-07,-0.030302506986188298,2024-06-10 04:00:00+00:00,2024-06-11 08:00:00+00:00,1 days 04:00:00,core_long
1.92531706,9709,9721,69637.4,67413.0,,,-4388.221457543917,105.54618927992959,-0.03272982851169048,2024-06-10 04:00:00+00:00,2024-06-12 04:00:00+00:00,2 days 00:00:00,core_long
1e-08,9721,9735,67413.0,67034.1,,,-4.32678839999992e-06,5.377884e-07,-0.0064183294023407176,2024-06-12 04:00:00+00:00,2024-06-14 12:00:00+00:00,2 days 08:00:00,breakout_retest_long
1e-08,9721,9735,67413.0,67034.1,,,-4.32678839999992e-06,5.377884e-07,-0.0064183294023407176,2024-06-12 04:00:00+00:00,2024-06-14 12:00:00+00:00,2 days 08:00:00,core_long
0.91303255,9721,9736,67413.0,66000.0,66000.0,71556.38651977359,-1338.83915778726,48.72416463726,-0.02175196475457258,2024-06-12 04:00:00+00:00,2024-06-14 16:00:00+00:00,2 days 12:00:00,breakout_retest_long
1.96281856,9721,9739,67413.0,66265.9,,,-2356.504140576172,104.9549704001536,-0.017809199412576297,2024-06-12 04:00:00+00:00,2024-06-15 04:00:00+00:00,3 days 00:00:00,core_long
0.80859925,9739,9756,66265.9,65052.399999999994,65052.399999999994,70846.88227212323,-1023.7087414315038,42.473551556509996,-0.019105261076964062,2024-06-15 04:00:00+00:00,2024-06-18 00:00:00+00:00,2 days 20:00:00,pullback_struct_long
1.9744988300000001,9739,9769,66265.9,65156.0,,,-2295.293206531526,103.7969551145508,-0.017542488067014694,2024-06-15 04:00:00+00:00,2024-06-20 04:00:00+00:00,5 days 00:00:00,core_long
1e-08,9769,9776,65156.0,64179.5,,,-1.0282342000000013e-05,5.17342e-07,-0.015781113021057194,2024-06-20 04:00:00+00:00,2024-06-21 08:00:00+00:00,1 days 04:00:00,pullback_struct_long
1.4124375200000001,9769,9776,65156.0,64009.8,64009.8,68635.93977568705,-1691.9113343123197,72.97544888832641,-0.018384589600343757,2024-06-20 04:00:00+00:00,2024-06-21 08:00:00+00:00,1 days 04:00:00,pullback_struct_long
0.53546408,9822,9834,60429.8,63437.43354048703,58925.9832297565,63437.43354048703,1583.9491450340638,26.530581699960813,0.04895079326873207,2024-06-29 00:00:00+00:00,2024-07-01 00:00:00+00:00,2 days 00:00:00,sweep_reversal_long
4.75998914,9852,9852,60208.00000000001,60037.99999999999,60037.99999999999,63787.5445983732,-1038.1460154514216,228.947861651376,-0.0036224156258306463,2024-07-04 00:00:00+00:00,2024-07-04 00:00:00+00:00,0 days 00:00:00,sweep_reversal_long
0.6572907100000001,9925,9943,64725.09999999999,64297.9,62270.7710129984,69633.7579740032,-314.7168390225277,33.922247710532005,-0.007397581463759762,2024-07-16 04:00:00+00:00,2024-07-19 04:00:00+00:00,3 days 00:00:00,pullback_struct_long
1e-08,9943,9978,64297.9,65350.7,,,1.0009405599999991e-05,5.185944e-07,0.01556723563288998,2024-07-19 04:00:00+00:00,2024-07-25 00:00:00+00:00,5 days 20:00:00,pullback_struct_long
0.65266945,9943,9979,64297.9,64073.899999999994,61828.6992209712,69236.6015580576,-179.71169764060613,33.513740840604,-0.004282390560189468,2024-07-19 04:00:00+00:00,2024-07-25 04:00:00+00:00,6 days 00:00:00,pullback_struct_long
2.01109843,9979,10009,64073.899999999994,66585.7,,,4946.369309904223,105.1077265697712,0.03838592874789896,2024-07-25 04:00:00+00:00,2024-07-30 04:00:00+00:00,5 days 00:00:00,core_long
1e-08,10009,10012,66585.7,66198.0,,,-4.408134799999895e-06,5.311348e-07,-0.006620242484497263,2024-07-30 04:00:00+00:00,2024-07-30 16:00:00+00:00,0 days 12:00:00,sweep_reversal_long
0.28752469,10009,10020,66585.7,63741.57304344852,63741.57304344852,72273.65391310296,-832.7456450152498,14.988923512145156,-0.043496694722272924,2024-07-30 04:00:00+00:00,2024-08-01 00:00:00+00:00,1 days 20:00:00,sweep_reversal_long
-0.7758709500000001,10187,10213,58871.0,57708.6,65057.219850261936,,865.6921022789527,36.180290001048,0.018952763839581506,2024-08-28 20:00:00+00:00,2024-09-02 04:00:00+00:00,4 days 08:00:00,bear_core
1.39630011,10213,10224,57708.6,57123.0,57123.0,61163.24620476811,-881.8090947005818,64.1357502845904,-0.010943475322568811,2024-09-02 04:00:00+00:00,2024-09-04 00:00:00+00:00,1 days 20:00:00,sweep_reversal_long
-1.99747509,10361,10361,64677.80000000001,64800.0,64800.0,61130.47980673761,-347.5429280811892,103.45147208320081,-0.002690121185321521,2024-09-26 20:00:00+00:00,2024-09-26 20:00:00+00:00,0 days 00:00:00,sweep_reversal_short
-1e-08,10445,10456,59696.9,63124.90000000001,,,-3.477128720000003e-05,4.912872e-07,-0.05824638666329423,2024-10-10 20:00:00+00:00,2024-10-12 16:00:00+00:00,1 days 20:00:00,bear_core
-0.7642843500000001,10445,10464,59696.9,63833.43728851796,63833.43728851796,,-3199.2556342216435,37.76492141593428,-0.07012004682711094,2024-10-10 20:00:00+00:00,2024-10-14 00:00:00+00:00,3 days 04:00:00,bear_core
1.92470107,10477,10489,67064.5,67532.3,,,796.7517185545771,103.62344199143041,0.006172584303170974,2024-10-16 04:00:00+00:00,2024-10-18 04:00:00+00:00,2 days 00:00:00,core_long
0.7281027800000001,10489,10513,67532.3,67390.3,65310.81268614858,71975.27462770283,-142.68560281793293,39.2950080579312,-0.0029018564449900083,2024-10-18 04:00:00+00:00,2024-10-22 04:00:00+00:00,4 days 00:00:00,pullback_struct_long
1e-08,10513,10520,67390.3,66838.0,,,-6.059913200000008e-06,5.369132e-07,-0.008992263278246312,2024-10-22 04:00:00+00:00,2024-10-23 08:00:00+00:00,1 days 04:00:00,pullback_struct_long
2.04575219,10513,10520,67390.3,66600.0,66600.0,71284.05544938946,-1726.4023356224961,109.64437986550281,-0.01252251614846643,2024-10-22 04:00:00+00:00,2024-10-23 08:00:00+00:00,1 days 04:00:00,pullback_struct_long
0.8161436200000001,10525,10554,67192.7,71416.59969258944,65222.3,71416.59969258944,3402.0587473801293,45.250038246709934,0.062037334006706336,2024-10-24 04:00:00+00:00,2024-10-29 00:00:00+00:00,4 days 20:00:00,pullback_struct_long
1e-08,10555,10573,70927.4,69397.7,,,-1.5858300399999946e-05,5.613004e-07,-0.022358496716360622,2024-10-29 04:00:00+00:00,2024-11-01 04:00:00+00:00,3 days 00:00:00,pullback_struct_long
0.69832271,10555,10584,70927.4,68600.30210267969,68600.30210267969,75581.8957946406,-1664.03945531298,38.97414522096639,-0.03359645183894193,2024-10-29 04:00:00+00:00,2024-11-03 00:00:00+00:00,4 days 20:00:00,pullback_struct_long
1.8919090600000001,10585,10663,68367.6,91286.9,,,43240.41060085008,120.820718007908,0.3343021870008599,2024-11-03 04:00:00+00:00,2024-11-16 04:00:00+00:00,13 days 00:00:00,core_long
0.35460623,10663,10675,91286.9,90728.6,86117.88457865948,101624.63084268104,-223.79419031162132,25.817532102626004,-0.00691343664863179,2024-11-16 04:00:00+00:00,2024-11-18 04:00:00+00:00,2 days 00:00:00,pullback_struct_long
0.5490503800000001,10675,10693,90728.6,95790.1,87392.27031284838,97401.25937430326,2738.055233125155,40.963265244842404,0.05496494512204519,2024-11-18 04:00:00+00:00,2024-11-21 04:00:00+00:00,3 days 00:00:00,pullback_struct_long
1e-08,10693,10722,95790.1,93064.0,,,-2.8016416399999995e-05,7.554164e-07,-0.02924771599570315,2024-11-21 04:00:00+00:00,2024-11-26 00:00:00+00:00,4 days 20:00:00,pullback_struct_long
0.49229012,10693,10723,95790.1,94537.7,92041.39474581748,103287.81050836502,-654.0227444885386,37.4785982005344,-0.013869190239910092,2024-11-21 04:00:00+00:00,2024-11-26 04:00:00+00:00,5 days 00:00:00,pullback_struct_long
0.98420293,10723,10724,94537.7,92666.0,92666.0,103503.7270478719,-1915.8311960997275,73.6985720187364,-0.020590531396469283,2024-11-26 04:00:00+00:00,2024-11-26 08:00:00+00:00,0 days 04:00:00,pullback_struct_long
0.42187173,10735,10762,95523.1,97106.6,91178.99813046708,104211.30373906586,635.527874539646,32.50600991535241,0.015770511216658532,2024-11-28 04:00:00+00:00,2024-12-02 16:00:00+00:00,4 days 12:00:00,pullback_struct_long
0.36630926,10762,10762,97106.6,94600.65530184461,94600.65530184461,102118.18939631079,-946.0404051127239,28.089657130499912,-0.026595798846588466,2024-12-02 16:00:00+00:00,2024-12-02 16:00:00+00:00,0 days 00:00:00,sweep_reversal_long
0.49564756,10795,10805,99996.7,96302.33736748858,96302.33736748858,107385.42526502283,-1870.0198801200784,38.918055560617816,-0.03773006756681386,2024-12-08 04:00:00+00:00,2024-12-09 20:00:00+00:00,1 days 16:00:00,pullback_struct_long
1e-08,10807,10860,96957.9,100181.2,,,3.14444436e-05,7.885564e-07,0.03243102789973792,2024-12-10 04:00:00+00:00,2024-12-19 00:00:00+00:00,8 days 20:00:00,core_long
1.50313112,10807,10861,96957.9,101163.4,,,6202.297008534064,119.1209166259424,0.042557145730260225,2024-12-10 04:00:00+00:00,2024-12-19 04:00:00+00:00,9 days 00:00:00,core_long
0.45852649,10861,10863,101163.4,99951.1,99951.1,110905.99018689847,-592.7581941362398,36.886530309242005,-0.012778789562232946,2024-12-19 04:00:00+00:00,2024-12-19 12:00:00+00:00,0 days 08:00:00,sweep_reversal_long
1e-08,10861,10869,101163.4,92715.1,,,-8.525851399999989e-05,7.75514e-07,-0.08427802347489301,2024-12-19 04:00:00+00:00,2024-12-20 12:00:00+00:00,1 days 08:00:00,core_long
1.46515799,10861,10879,101163.4,96965.1,,,-6267.28861134567,116.115821928686,-0.04228358675173025,2024-12-19 04:00:00+00:00,2024-12-22 04:00:00+00:00,3 days 00:00:00,core_long
1.50030725,10879,10897,96965.1,98000.1,,,1435.8149225269212,117.00308122308002,0.009869673934229878,2024-12-22 04:00:00+00:00,2024-12-25 04:00:00+00:00,3 days 00:00:00,core_long
0.38707068,10897,10913,98000.1,94720.2,93283.43935034162,107433.12129931673,-1299.3916743603268,29.838551028321604,-0.03425494586230028,2024-12-25 04:00:00+00:00,2024-12-27 20:00:00+00:00,2 days 16:00:00,pullback_struct_long
1e-08,10913,10914,94720.2,94258.9,,,-5.368916399999991e-06,7.559164e-07,-0.0056681852445413135,2024-12-27 20:00:00+00:00,2024-12-28 00:00:00+00:00,0 days 04:00:00,sweep_reversal_long
0.40319867,10913,10927,94720.2,93680.8,92464.4,101716.47908254675,-449.46991064866563,30.385213050668,-0.011768982751303206,2024-12-27 20:00:00+00:00,2024-12-30 04:00:00+00:00,2 days 08:00:00,sweep_reversal_long
1e-08,10927,10979,93680.8,96433.3,,,2.6764543600000032e-05,7.604564e-07,0.028569934927968096,2024-12-30 04:00:00+00:00,2025-01-07 20:00:00+00:00,8 days 16:00:00,core_long
1.55156951,10927,10981,93680.8,96504.1,,,4262.512160742042,118.0340368409596,0.029325390474889284,2024-12-30 04:00:00+00:00,2025-01-08 04:00:00+00:00,9 days 00:00:00,core_long
1e-08,10981,11013,96504.1,90827.5,,,-5.751532639999998e-05,7.493264e-07,-0.059598842328978795,2025-01-08 04:00:00+00:00,2025-01-13 12:00:00+00:00,5 days 08:00:00,core_long
1.52383781,10981,11017,96504.1,94821.3,,,-2680.933818081347,116.6195514133496,-0.01823062605630228,2025-01-08 04:00:00+00:00,2025-01-14 04:00:00+00:00,6 days 00:00:00,core_long
1.53957658,11017,11035,94821.3,101005.2,,,9399.991655804644,120.595957257348,0.06439027307155656,2025-01-14 04:00:00+00:00,2025-01-17 04:00:00+00:00,3 days 00:00:00,core_long
0.47414337,11035,11047,101005.2,104958.20000000001,97057.3753380452,108900.54932390964,1835.2262693809405,39.062472229063204,0.038320944268215876,2025-01-17 04:00:00+00:00,2025-01-19 04:00:00+00:00,2 days 00:00:00,pullback_struct_long
0.49697586,11047,11051,104958.20000000001,101173.48125074487,101173.48125074487,112527.93749851025,-1921.8908430943293,40.97698782513393,-0.036844871784724134,2025-01-19 04:00:00+00:00,2025-01-19 20:00:00+00:00,0 days 16:00:00,pullback_struct_long
1e-08,11071,11095,102417.10000000002,101349.1,,,-1.1495064800000107e-05,8.150648e-07,-0.011223774936021504,2025-01-23 04:00:00+00:00,2025-01-27 04:00:00+00:00,4 days 00:00:00,core_long
1.4617529,11071,11101,102417.10000000002,102582.7,,,122.20265938020808,119.86362085976802,0.0008162707204166975,2025-01-23 04:00:00+00:00,2025-01-28 04:00:00+00:00,5 days 00:00:00,core_long
1e-08,11101,11128,102582.7,102031.6,,,-6.329457199999927e-06,8.184572e-07,-0.006170101976259108,2025-01-28 04:00:00+00:00,2025-02-01 16:00:00+00:00,4 days 12:00:00,core_long
1.45986949,11101,11131,102582.7,99160.79999999999,,,-5113.335080013333,117.807672182326,-0.034144133464999504,2025-01-28 04:00:00+00:00,2025-02-02 04:00:00+00:00,5 days 00:00:00,core_long
1e-08,11131,11159,99160.79999999999,95946.0,,,-3.2928427199999965e-05,7.804272e-07,-0.033207101193213434,2025-02-02 04:00:00+00:00,2025-02-06 20:00:00+00:00,4 days 16:00:00,core_long
1.48962935,11131,11161,99160.79999999999,97410.2,,,-2724.8723124935286,117.12717238354,-0.01844709199603057,2025-02-02 04:00:00+00:00,2025-02-07 04:00:00+00:00,5 days 00:00:00,core_long
1.50521533,11161,11194,97410.2,95762.0,,,-2597.2022096139235,116.3063027079304,-0.017713431242313435,2025-02-07 04:00:00+00:00,2025-02-12 16:00:00+00:00,5 days 12:00:00,core_long
1e-08,11194,11222,95762.0,96023.8,,,1.8508568000000213e-06,7.671432e-07,0.0019327674860592742,2025-02-12 16:00:00+00:00,2025-02-17 08:00:00+00:00,4 days 16:00:00,sweep_reversal_long
0.81826107,11194,11227,95762.0,96163.1,94650.1,100938.2954193714,265.3865801026616,62.81793507434281,0.0033868336083205863,2025-02-12 16:00:00+00:00,2025-02-18 04:00:00+00:00,5 days 12:00:00,sweep_reversal_long
1.79865399,11227,11228,96163.1,95150.6,95150.6,100161.89750468155,-1958.780024813673,137.6428599386652,-0.011324775095644857,2025-02-18 04:00:00+00:00,2025-02-18 08:00:00+00:00,0 days 04:00:00,pullback_struct_long
1e-08,11239,11259,97017.4,96064.2,,,-1.030432640000003e-05,7.723264e-07,-0.010621111676874496,2025-02-20 04:00:00+00:00,2025-02-23 12:00:00+00:00,3 days 08:00:00,pullback_struct_long
0.68203311,11239,11265,97017.4,94361.59469349374,94361.59469349374,102329.01061301254,-1863.557877126761,52.21072437579082,-0.028163575857358167,2025-02-20 04:00:00+00:00,2025-02-24 12:00:00+00:00,4 days 08:00:00,pullback_struct_long
1.0917442800000001,11269,11269,92125.3,91300.0,91300.0,97718.3521879747,-981.11796311692,80.10140883291359,-0.009754867772479518,2025-02-25 04:00:00+00:00,2025-02-25 04:00:00+00:00,0 days 00:00:00,sweep_reversal_long
0.43272988,11353,11452,79486.7,86931.2,77410.1,89005.69057706626,3192.6519925012603,28.8055991587408,0.09281971499634539,2025-03-11 04:00:00+00:00,2025-03-27 16:00:00+00:00,16 days 12:00:00,sweep_reversal_long
0.42685947,11452,11456,86931.2,84807.44912865626,84807.44912865626,91178.70174268748,-935.8664788520559,29.323307498229667,-0.025220477009349897,2025-03-27 16:00:00+00:00,2025-03-28 08:00:00+00:00,0 days 16:00:00,sweep_reversal_long
0.4946475,11611,11659,93126.0,94737.6,89470.04522723435,100437.9095455313,760.0034069676024,37.170504032400004,0.01649866374589275,2025-04-23 04:00:00+00:00,2025-05-01 04:00:00+00:00,8 days 00:00:00,pullback_struct_long
1e-08,11659,11682,94737.6,94230.2,,,-5.8298712000000944e-06,7.558712000000001e-07,-0.006153703703703845,2025-05-01 04:00:00+00:00,2025-05-05 00:00:00+00:00,3 days 20:00:00,pullback_struct_long
0.88942599,11659,11689,94737.6,94418.4,92700.0,99998.35698887454,-351.200881033791,67.296105025776,-0.004167958656330889,2025-05-01 04:00:00+00:00,2025-05-06 04:00:00+00:00,5 days 00:00:00,pullback_struct_long
1.53398244,11689,11701,94418.4,99098.0,,,7059.683922443209,118.74030378080639,0.0487425484863122,2025-05-06 04:00:00+00:00,2025-05-08 04:00:00+00:00,2 days 00:00:00,core_long
0.59985823,11701,11725,99098.0,105251.80245523533,96020.94877238231,105251.80245523533,3642.37668424646,49.03236432065886,0.06127331060418211,2025-05-08 04:00:00+00:00,2025-05-12 04:00:00+00:00,4 days 00:00:00,pullback_struct_long
1.44004419,11737,11749,103549.1,103979.09999999999,,,499.6790902315129,119.5399114684632,0.0033509583376387514,2025-05-14 04:00:00+00:00,2025-05-16 04:00:00+00:00,2 days 00:00:00,core_long
0.59482997,11749,11761,103979.09999999999,103244.3,100841.23509175061,110254.5298164988,-486.3861374781135,49.30507552211921,-0.007863978049434823,2025-05-16 04:00:00+00:00,2025-05-18 04:00:00+00:00,2 days 00:00:00,pullback_struct_long
1.00597567,11761,11766,103244.3,106950.06624083118,101391.26687958441,106950.06624083118,3643.3305096197732,84.58016736373821,0.035078822698539555,2025-05-18 04:00:00+00:00,2025-05-19 00:00:00+00:00,0 days 20:00:00,pullback_struct_long
1.4243033,11773,11803,105720.00000000001,108045.4,,,3190.2881879616575,121.78670585832802,0.02118703972758224,2025-05-20 04:00:00+00:00,2025-05-25 04:00:00+00:00,5 days 00:00:00,core_long
1e-08,11803,11804,108045.4,107637.1,,,-4.945729999999994e-06,8.6273e-07,-0.00457745540300648,2025-05-25 04:00:00+00:00,2025-05-25 08:00:00+00:00,0 days 04:00:00,pullback_struct_long
0.54679579,11803,11815,108045.4,108844.99999999999,104573.97268831426,114988.2546233715,389.78001063942895,47.4379030445664,0.006597632476718145,2025-05-25 04:00:00+00:00,2025-05-27 04:00:00+00:00,2 days 00:00:00,pullback_struct_long
0.8092798800000001,11815,11827,108844.99999999999,107996.5,106496.99999999999,115517.11063680508,-756.8681634196013,70.194185239608,-0.008592370802517305,2025-05-27 04:00:00+00:00,2025-05-29 04:00:00+00:00,2 days 00:00:00,pullback_struct_long
1.26472283,11827,11829,107996.5,106496.99999999999,106496.99999999999,113866.74170078429,-2004.9618141196509,108.50993053464201,-0.014679155342997265,2025-05-29 04:00:00+00:00,2025-05-29 12:00:00+00:00,0 days 08:00:00,pullback_struct_long
1e-08,11839,11873,103640.20000000001,101873.0,,,-1.8494052800000045e-05,8.220528e-07,-0.017844478107915705,2025-05-31 04:00:00+00:00,2025-06-05 20:00:00+00:00,5 days 16:00:00,core_long
1.45604223,11839,11875,103640.20000000001,102445.00000000001,,,-1860.289174967194,120.02750167119842,-0.012327591803180537,2025-05-31 04:00:00+00:00,2025-06-06 04:00:00+00:00,6 days 00:00:00,core_long
0.52631278,11875,11897,102445.00000000001,109218.6502691611,100305.1,109218.6502691611,3520.498190230676,44.560513679243975,0.06529342387674766,2025-06-06 04:00:00+00:00,2025-06-09 20:00:00+00:00,3 days 16:00:00,pullback_struct_long
1.46576886,11875,11899,102445.00000000001,109525.9,,,10254.682582995501,124.28013777846962,0.06829139186880745,2025-06-06 04:00:00+00:00,2025-06-10 04:00:00+00:00,4 days 00:00:00,core_long
1e-08,11899,11913,109525.9,106862.9,,,-2.7495555199999927e-05,8.655551999999999e-07,-0.025104158194545666,2025-06-10 04:00:00+00:00,2025-06-12 12:00:00+00:00,2 days 08:00:00,pullback_struct_long
0.69177896,11899,11913,109525.9,106712.97205347722,106712.97205347722,115151.45589304557,-2005.7601702087452,59.83580080829101,-0.026472491852102178,2025-06-10 04:00:00+00:00,2025-06-12 12:00:00+00:00,2 days 08:00:00,pullback_struct_long
1.47226549,11923,11941,105189.30000000002,107553.3,,,3355.1501830668362,125.28543529314962,0.021664779212334277,2025-06-14 04:00:00+00:00,2025-06-17 04:00:00+00:00,3 days 00:00:00,core_long
0.60273654,11941,11943,107553.3,104313.73988782574,104313.73988782574,114032.42022434852,-2003.681255758738,51.08000262481204,-0.030908460531935203,2025-06-17 04:00:00+00:00,2025-06-17 12:00:00+00:00,0 days 08:00:00,pullback_struct_long
1.10726565,11953,11962,105054.40000000001,103300.0,103300.0,111251.61817823214,-2034.8683244185418,92.281468058544,-0.01749323931220391,2025-06-19 04:00:00+00:00,2025-06-20 16:00:00+00:00,1 days 12:00:00,pullback_struct_long
0.57951771,11989,12019,106176.9,108466.8,102842.47140912687,112846.05718174629,1277.2816739330322,49.7559301959708,0.020758211249339704,2025-06-25 04:00:00+00:00,2025-06-30 04:00:00+00:00,5 days 00:00:00,pullback_struct_long
1.12790799,12019,12021,108466.8,106747.76665579077,106747.76665579077,111904.56668841852,-2036.008335728197,97.0968917181816,-0.01664213538955282,2025-06-30 04:00:00+00:00,2025-06-30 12:00:00+00:00,0 days 08:00:00,pullback_struct_long
1e-08,12031,12055,106140.00000000001,107996.2,,,1.770545519999996e-05,8.565448000000001e-07,0.016681227812323212,2025-07-02 04:00:00+00:00,2025-07-06 04:00:00+00:00,4 days 00:00:00,sweep_reversal_long
1.00721978,12031,12061,106140.00000000001,109349.00000000001,105182.6,110678.77968204829,3145.3503607510347,86.81791326896801,0.029421560203504785,2025-07-02 04:00:00+00:00,2025-07-07 04:00:00+00:00,5 days 00:00:00,sweep_reversal_long
1.42248758,12061,12085,109349.00000000001,116839.5,,,10526.443085194454,128.700132795532,0.06767345471837877,2025-07-07 04:00:00+00:00,2025-07-11 04:00:00+00:00,4 days 00:00:00,core_long
0.49928431,12085,12097,116839.5,117711.60000000002,112839.86285751555,124838.7742849689,388.5827731017117,46.8430736492964,0.006661099713710008,2025-07-11 04:00:00+00:00,2025-07-13 04:00:00+00:00,2 days 00:00:00,pullback_struct_long
0.8248964400000001,12097,12103,117711.60000000002,122557.91815239203,115288.29092380399,122557.91815239203,3918.4316029497804,79.27898806576943,0.040354649372967934,2025-07-13 04:00:00+00:00,2025-07-14 04:00:00+00:00,1 days 00:00:00,pullback_struct_long
1.36741054,12121,12133,118090.8,118295.3,,,150.34071757020212,129.29473785979764,0.0009310256175755301,2025-07-17 04:00:00+00:00,2025-07-19 04:00:00+00:00,2 days 00:00:00,core_long
0.77155334,12133,12145,118295.3,118374.8,115678.10000000002,125401.29277020777,-11.70295192324982,73.04144245325361,-0.0001282218312984324,2025-07-19 04:00:00+00:00,2025-07-21 04:00:00+00:00,2 days 00:00:00,pullback_struct_long
1.00722076,12145,12150,118374.8,116370.1,116370.1,124182.50842140849,-2113.751432205653,94.57597463364961,-0.017728418210632677,2025-07-21 04:00:00+00:00,2025-07-22 00:00:00+00:00,0 days 20:00:00,pullback_struct_long
1.35464447,12157,12175,118620.70000000001,117455.8,,,-1705.9452331917926,127.91989008878201,-0.010616448899728393,2025-07-23 04:00:00+00:00,2025-07-26 04:00:00+00:00,3 days 00:00:00,core_long
0.71726183,12175,12205,117455.8,118429.0,114667.29999999999,124331.12512737322,630.362747629121,67.6764653268736,0.0074823557457357566,2025-07-26 04:00:00+00:00,2025-07-31 04:00:00+00:00,5 days 00:00:00,pullback_struct_long
0.73405466,12205,12209,118429.0,115700.0,115700.0,124224.8488809355,-2071.9805605364495,68.74539339645601,-0.023834125087605122,2025-07-31 04:00:00+00:00,2025-07-31 20:00:00+00:00,0 days 16:00:00,pullback_struct_long
0.8304349,12217,12220,113860.0,112660.0,112660.0,120888.99186407376,-1071.7659254192063,75.2440454192,-0.011335043035306606,2025-08-02 04:00:00+00:00,2025-08-02 16:00:00+00:00,0 days 12:00:00,meanrev_range_long
1.38841601,12229,12271,114520.3,121700.1,,,9837.36039449857,131.18887409944162,0.061869483750915874,2025-08-04 04:00:00+00:00,2025-08-11 04:00:00+00:00,7 days 00:00:00,core_long
0.8320422000000001,12271,12274,121700.1,118517.93351320658,118517.93351320658,128064.43297358688,-2727.645420871484,79.94861643360085,-0.02693714877965358,2025-08-11 04:00:00+00:00,2025-08-11 16:00:00+00:00,0 days 12:00:00,breakout_retest_long
1e-08,12283,12293,119436.0,117889.4,,,-1.6415301600000004e-05,9.493016e-07,-0.013744014869888516,2025-08-13 04:00:00+00:00,2025-08-14 20:00:00+00:00,1 days 16:00:00,core_long
1.3550735600000001,12283,12301,119436.0,117384.99999999999,,,-2907.619821781112,128.363950221104,-0.01796550788706925,2025-08-13 04:00:00+00:00,2025-08-16 04:00:00+00:00,3 days 00:00:00,core_long
1.85773838,12301,12312,117384.99999999999,116736.3,116736.3,123692.01884196127,-1379.089336940179,173.9744498341976,-0.006324049239681356,2025-08-16 04:00:00+00:00,2025-08-18 00:00:00+00:00,1 days 20:00:00,pullback_struct_long
1e-08,12301,12313,117384.99999999999,115264.8,,,-2.2132599199999898e-05,9.305992000000001e-07,-0.018854708182476348,2025-08-16 04:00:00+00:00,2025-08-18 04:00:00+00:00,2 days 00:00:00,core_long
1.36884596,12301,12320,117384.99999999999,114928.69999999998,,,-3489.4969994270627,127.2006678790608,-0.021716790731354147,2025-08-16 04:00:00+00:00,2025-08-19 08:00:00+00:00,3 days 04:00:00,core_long
3.0648619200000002,12320,12321,114928.69999999998,114605.0,114605.0,119434.83883106365,-1273.4914420986515,281.3956385946816,-0.003615402245044041,2025-08-19 08:00:00+00:00,2025-08-19 12:00:00+00:00,0 days 04:00:00,sweep_reversal_long
2.09094507,12337,12339,112890.0,111944.0,111944.0,118127.53049812018,-2166.080253767348,188.046217547352,-0.009176486845601923,2025-08-22 04:00:00+00:00,2025-08-22 12:00:00+00:00,0 days 08:00:00,pullback_struct_long
-1e-08,12361,12367,109825.10000000002,111373.79999999999,,,-1.6371795599999794e-05,8.847956000000001e-07,-0.014907152918594874,2025-08-26 04:00:00+00:00,2025-08-27 04:00:00+00:00,1 days 00:00:00,bear_core
-0.50148842,12361,12385,109825.10000000002,108368.0,117024.45421479207,,686.9502515924449,43.768525189560805,0.012472765879566847,2025-08-26 04:00:00+00:00,2025-08-30 04:00:00+00:00,4 days 00:00:00,bear_core
1.03002205,12385,12396,108368.0,107411.4,107411.4,113793.06557557987,-1074.2221090043217,88.903015974308,-0.009623798169201381,2025-08-30 04:00:00+00:00,2025-09-01 00:00:00+00:00,1 days 20:00:00,sweep_reversal_long
1.36535977,12463,12499,115138.29999999999,117531.3,,,3140.2348449932215,127.07108461679681,0.019975387512235328,2025-09-12 04:00:00+00:00,2025-09-18 04:00:00+00:00,6 days 00:00:00,core_long
1e-08,12499,12515,117531.3,115636.6,,,-1.987967160000006e-05,9.326716000000001e-07,-0.016914363748210065,2025-09-18 04:00:00+00:00,2025-09-20 20:00:00+00:00,2 days 16:00:00,pullback_struct_long
0.6554378,12499,12522,117531.3,114509.16159409567,114509.16159409567,123575.27681180865,-2041.658983924738,60.83523586328743,-0.026503191835213068,2025-09-18 04:00:00+00:00,2025-09-22 00:00:00+00:00,3 days 20:00:00,pullback_struct_long
1.6328768,12544,12544,111538.39999999998,110935.0,110935.0,115641.47177980572,-1130.5865225108175,145.308661390848,-0.0062076321697279,2025-09-25 16:00:00+00:00,2025-09-25 16:00:00+00:00,0 days 00:00:00,sweep_reversal_long
1.3772401300000001,12577,12601,114135.8,123735.69999999998,,,13090.325053753657,131.042470233318,0.08327581179612346,2025-10-01 04:00:00+00:00,2025-10-05 04:00:00+00:00,4 days 00:00:00,core_long
0.73440214,12601,12616,123735.69999999998,120971.09680383143,120971.09680383143,129264.9063923371,-2102.215781615139,71.88527809811158,-0.023133872559738908,2025-10-05 04:00:00+00:00,2025-10-07 16:00:00+00:00,2 days 12:00:00,pullback_struct_long
-1e-08,12636,12643,112714.99999999999,110643.3,,,1.9823566799999957e-05,8.934332e-07,0.01758733691167984,2025-10-11 00:00:00+00:00,2025-10-12 04:00:00+00:00,1 days 04:00:00,bear_core
-0.50175274,12636,12669,112714.99999999999,111363.99999999999,129717.93503553036,,632.8950508494158,44.972900890584,0.011190776737789983,2025-10-11 00:00:00+00:00,2025-10-16 12:00:00+00:00,5 days 12:00:00,bear_core
0.54296661,12669,12669,111363.99999999999,109501.0,109501.0,118079.2769179267,-1059.5157225570572,47.968928127059996,-0.01752223339678887,2025-10-16 12:00:00+00:00,2025-10-16 12:00:00+00:00,0 days 00:00:00,sweep_reversal_long
-1e-08,12750,12769,109985.60000000002,110008.39999999998,,,-1.1079759999996868e-06,8.79976e-07,-0.0010073827846552375,2025-10-30 00:00:00+00:00,2025-11-02 04:00:00+00:00,3 days 04:00:00,bear_core
-0.5136614,12750,12779,109985.60000000002,107034.7,117200.69555723369,,1471.1734448094455,44.58998045056801,0.026040607861393,2025-10-30 00:00:00+00:00,2025-11-03 20:00:00+00:00,4 days 20:00:00,bear_core
1.2130372,12779,12779,107034.7,106200.0,106200.0,113336.63731958011,-1115.9868002123253,103.464649372336,-0.008595286201577547,2025-11-03 20:00:00+00:00,2025-11-03 20:00:00+00:00,0 days 00:00:00,sweep_reversal_long
-0.55651414,12834,12871,101605.8,91842.1,108272.52759277933,,5390.574512036674,43.062596681322404,0.09533236134157687,2025-11-13 00:00:00+00:00,2025-11-19 04:00:00+00:00,6 days 04:00:00,bear_core
-1e-08,12871,12875,91842.1,88857.8,,,2.91202004000001e-05,7.227996000000001e-07,0.03170681027546204,2025-11-19 04:00:00+00:00,2025-11-19 20:00:00+00:00,0 days 16:00:00,crash_short
-0.27601688,12871,12883,91842.1,84131.55821706912,95697.52089146544,84131.55821706912,2108.811005992916,19.428680041304716,0.08318790968024528,2025-11-19 04:00:00+00:00,2025-11-21 04:00:00+00:00,2 days 00:00:00,crash_short
-1e-08,13004,13207,90231.3,95665.6,,,-5.508658759999999e-05,7.435876000000001e-07,-0.06105041997621673,2025-12-11 08:00:00+00:00,2026-01-14 04:00:00+00:00,33 days 20:00:00,bear_core
-0.6382991,13004,13210,90231.3,97100.47471603326,97100.47471603326,,-4432.417520267843,47.82948128105872,-0.07695896463776615,2025-12-11 08:00:00+00:00,2026-01-14 16:00:00+00:00,34 days 08:00:00,bear_core
-0.61402758,13238,13294,92787.8,89444.5,96401.57962574714,,2008.1201449472683,44.75826326673361,0.035246089248802126,2026-01-19 08:00:00+00:00,2026-01-28 16:00:00+00:00,9 days 08:00:00,bear_core
-1e-08,13294,13299,89444.5,87795.1,,,1.5785041599999926e-05,7.089584000000001e-07,0.01764786163486849,2026-01-28 16:00:00+00:00,2026-01-29 12:00:00+00:00,0 days 20:00:00,sweep_reversal_short
-0.2336147,13294,13299,89444.5,85231.62025353788,91195.0,85231.62025353788,967.8678743337451,16.32276377207767,0.04631932984544274,2026-01-28 16:00:00+00:00,2026-01-29 12:00:00+00:00,0 days 20:00:00,sweep_reversal_short
-0.84616782,13413,13456,67824.3,63933.399999999994,72477.78791717914,,3247.7587205271193,44.5956503108856,0.05659029168012061,2026-02-17 12:00:00+00:00,2026-02-24 16:00:00+00:00,7 days 04:00:00,bear_core
6.39804105,13456,13456,63933.399999999994,63860.0,63860.0,68519.11800437856,-796.6671807175999,327.050967647628,-0.0019476104821579822,2026-02-24 16:00:00+00:00,2026-02-24 16:00:00+00:00,0 days 00:00:00,sweep_reversal_long
-0.7325041600000001,13471,13503,67557.4,73368.24892574253,73368.24892574253,,-4297.7624608734595,41.291449635522376,-0.08684791281655048,2026-02-27 04:00:00+00:00,2026-03-04 12:00:00+00:00,5 days 08:00:00,bear_core
-0.83939964,13519,13557,68063.3,73170.17839022333,73170.17839022333,,-4334.132414643924,47.420532366680504,-0.07586132000034415,2026-03-07 04:00:00+00:00,2026-03-13 12:00:00+00:00,6 days 08:00:00,bear_core
-0.8871798000000001,13579,13608,74424.9,68418.34081131557,74880.0,68418.34081131557,5278.206924579473,50.691055125733925,0.0799385943731183,2026-03-17 04:00:00+00:00,2026-03-22 00:00:00+00:00,4 days 20:00:00,sweep_reversal_short
-0.15475403000000001,13663,13678,67670.8,66810.6,70313.90797417215,62384.5840516557,124.79480116198188,8.324615444016802,0.011916623418076843,2026-03-31 04:00:00+00:00,2026-04-02 16:00:00+00:00,2 days 12:00:00,sweep_reversal_short
0.54052574,13678,13709,66810.6,71256.47223928408,64918.2,71256.47223928408,2373.256859527769,29.851522556709,0.06571779643332565,2026-04-02 16:00:00+00:00,2026-04-07 20:00:00+00:00,5 days 04:00:00,sweep_reversal_long
0.76944259,13783,13795,74593.9,78331.5575148219,73256.8,78331.5575148219,2828.8459346946847,47.066944042855816,0.049286702154143824,2026-04-20 04:00:00+00:00,2026-04-22 04:00:00+00:00,2 days 00:00:00,sweep_reversal_long
-1e-08,13833,13864,76198.9,78625.2,,,-2.4882296400000064e-05,6.192964e-07,-0.03265440367249407,2026-04-28 12:00:00+00:00,2026-05-03 16:00:00+00:00,5 days 04:00:00,bear_core
-0.76129569,13833,13866,76198.9,79964.78952978786,79964.78952978786,,-2914.5101655530407,47.554697509410246,-0.05024160461108735,2026-04-28 12:00:00+00:00,2026-05-04 00:00:00+00:00,5 days 12:00:00,bear_core
0.64922731,13919,13923,80799.6,79215.14529579239,79215.14529579239,83968.20940841522,-1070.2256424890431,41.554377059488985,-0.020401841127009608,2026-05-12 20:00:00+00:00,2026-05-13 12:00:00+00:00,0 days 16:00:00,sweep_reversal_long
3.70239799,13981,13981,75599.0,75322.0,75322.0,78543.65460747227,-1249.0720860495267,223.507842819516,-0.004462604002698439,2026-05-23 04:00:00+00:00,2026-05-23 04:00:00+00:00,0 days 00:00:00,sweep_reversal_long
0.65970012,14006,14009,75935.0,74384.5808653407,74384.5808653407,79035.8382693186,-1062.4780273991248,39.66633821408599,-0.02120954720491785,2026-05-27 08:00:00+00:00,2026-05-27 20:00:00+00:00,0 days 12:00:00,sweep_reversal_long
0.9188102100000001,14138,14139,64470.40000000001,63360.0,63360.0,68198.5817180884,-1067.2276078513592,46.980750667353604,-0.01801651858837557,2026-06-18 08:00:00+00:00,2026-06-18 12:00:00+00:00,0 days 04:00:00,sweep_reversal_long
-0.22133643,14161,14175,63935.1,60257.478359736975,65773.91082013151,60257.478359736975,802.996307975907,10.995336770655776,0.056744176656001705,2026-06-22 04:00:00+00:00,2026-06-24 12:00:00+00:00,2 days 08:00:00,sweep_reversal_short
-0.39962932,14179,14213,60853.99999999999,58794.0,63507.04455769103,55547.61088461796,804.1104596482544,19.125939551744004,0.033065054063824775,2026-06-25 04:00:00+00:00,2026-06-30 20:00:00+00:00,5 days 16:00:00,crash_short
