case_id,asset,strategy,window,roundtrip_cost_bps,module,trades,pnl,win_rate_pct,profit_factor,avg_win_loss_ratio,max_consecutive_losses,avg_trade_pct
btc_dual_full_rt8bps,BTC,dual,full,8,bear_core,29,11936.485642189687,58.620689655172406,1.480353267100168,1.0449552473648243,3,2.0850858870459685
btc_dual_full_rt8bps,BTC,dual,full,8,breakout_retest_long,5,776.1687654860771,40.0,1.1334569791524678,1.7001854687287017,2,0.6270513240173126
btc_dual_full_rt8bps,BTC,dual,full,8,bull_trap_short,2,-1030.9934767056425,0.0,0.0,,2,-0.6378853706323232
btc_dual_full_rt8bps,BTC,dual,full,8,core_add_long,1,-1229.2867079259634,0.0,0.0,,1,-5.071885014684889
btc_dual_full_rt8bps,BTC,dual,full,8,core_long,135,281559.52791693946,60.74074074074074,2.4932550921939463,1.6114941449546238,3,2.517051434623829
btc_dual_full_rt8bps,BTC,dual,full,8,crash_short,11,2172.1254321708357,36.36363636363637,1.7584979969726235,3.077371494702091,3,0.3748361562329212
btc_dual_full_rt8bps,BTC,dual,full,8,dip_buy_long,4,2125.781228492031,50.0,7.080594424864136,7.080594424864136,2,1.990853745975972
btc_dual_full_rt8bps,BTC,dual,full,8,meanrev_range_long,1,-1071.7659254192063,0.0,0.0,,1,-1.1335043035306582
btc_dual_full_rt8bps,BTC,dual,full,8,pullback_struct_long,116,10505.82551413758,38.793103448275865,1.1343314375342595,1.789722934776276,6,0.2239116301820632
btc_dual_full_rt8bps,BTC,dual,full,8,sweep_reversal_long,34,-4536.386603166786,26.47058823529412,0.7998599011931401,2.221833058869834,6,-0.042452228881898424
btc_dual_full_rt8bps,BTC,dual,full,8,sweep_reversal_short,11,7558.248008894537,63.63636363636363,7.868612516248206,4.496350009284689,2,1.9732088406400157
eth_dual_full_rt8bps,ETH,dual,full,8,bear_core,31,20243.00381485928,54.83870967741935,1.5247340492645407,1.2556633346884452,2,0.963671699550301
eth_dual_full_rt8bps,ETH,dual,full,8,breakout_retest_long,1,2238.125778079871,100.0,,,0,2.933673140714403
eth_dual_full_rt8bps,ETH,dual,full,8,core_add_long,1,1270.3284057351814,100.0,,,0,4.883140366172619
eth_dual_full_rt8bps,ETH,dual,full,8,core_long,155,343914.8645935998,50.32258064516129,1.575021629812078,1.5548290448144872,5,2.664972786831135
eth_dual_full_rt8bps,ETH,dual,full,8,crash_short,21,-747.1841883890779,38.095238095238095,0.9454818585734982,1.5364080201819348,4,-1.4453206017021016
eth_dual_full_rt8bps,ETH,dual,full,8,dip_buy_long,7,4507.280130711583,71.42857142857143,4.362325592352104,1.7449302369408415,2,2.257146770275896
eth_dual_full_rt8bps,ETH,dual,full,8,pullback_struct_long,70,30556.558495439738,42.857142857142854,1.4921275390197533,1.989503385359671,6,0.25184668391295845
eth_dual_full_rt8bps,ETH,dual,full,8,sweep_reversal_long,23,861.649042056745,34.78260869565217,1.0577862851938309,1.983349284738433,6,0.8075215027975643
eth_dual_full_rt8bps,ETH,dual,full,8,sweep_reversal_short,5,-812.3355818805925,20.0,0.5316681177788727,2.1266724711154907,4,0.3178062700728706
sol_dual_full_rt8bps,SOL,dual,full,8,bear_core,15,56570.325695930565,73.33333333333333,1.892047440469782,0.6880172510799207,1,3.50677137210448
sol_dual_full_rt8bps,SOL,dual,full,8,breakout_retest_long,1,-4272.2927791422335,0.0,0.0,,1,-4.711362013565173
sol_dual_full_rt8bps,SOL,dual,full,8,bull_trap_short,2,1088.586123429999,50.0,1.8919793754504244,1.8919793754504244,1,2.2904881363559264
sol_dual_full_rt8bps,SOL,dual,full,8,core_add_long,1,-5335.424595898636,0.0,0.0,,1,-23.722483403332873
sol_dual_full_rt8bps,SOL,dual,full,8,core_long,120,574912.255083681,44.166666666666664,1.504236686138992,1.90158222587382,6,5.112728660168967
sol_dual_full_rt8bps,SOL,dual,full,8,crash_short,18,13175.491670851254,61.111111111111114,2.136398769421578,1.3595264896319132,2,3.1061602529030474
sol_dual_full_rt8bps,SOL,dual,full,8,dip_buy_long,7,21692.80271709594,85.71428571428571,9.308900334801297,1.5514833891335498,1,4.948896064824857
sol_dual_full_rt8bps,SOL,dual,full,8,pullback_struct_long,44,42783.920709750535,52.27272727272727,1.670891301100756,1.5255964053528641,4,2.135030645593822
sol_dual_full_rt8bps,SOL,dual,full,8,sweep_reversal_long,20,-16283.69245054328,20.0,0.43896446367150915,1.7558578546860366,7,1.9066690138321871
sol_dual_full_rt8bps,SOL,dual,full,8,sweep_reversal_short,11,-5214.012137723478,9.090909090909092,0.25081991205613036,2.508199120561304,8,-1.9170616107233407
btc_dual_common_rt8bps,BTC,dual,common,8,bear_core,27,9496.221523837501,55.55555555555556,1.406055427632203,1.1248443421057623,3,1.8652655471671624
btc_dual_common_rt8bps,BTC,dual,common,8,breakout_retest_long,5,718.6821681521496,40.0,1.1334569816385445,1.7001854724578167,2,0.6270513240173125
btc_dual_common_rt8bps,BTC,dual,common,8,bull_trap_short,2,-953.841310651112,0.0,0.0,,2,-0.6378853706323232
btc_dual_common_rt8bps,BTC,dual,common,8,core_add_long,1,390.720856016447,100.0,,,0,0.8781107410474203
btc_dual_common_rt8bps,BTC,dual,common,8,core_long,110,252937.9311450448,60.909090909090914,2.5998713806889153,1.6685741696958711,3,2.9192006267172794
btc_dual_common_rt8bps,BTC,dual,common,8,crash_short,9,2481.8883804001944,44.44444444444444,2.1390894390177007,2.6738617987721254,3,1.7634895277510048
btc_dual_common_rt8bps,BTC,dual,common,8,dip_buy_long,2,1870.105935202417,50.0,8.573872052112465,8.573872052112465,1,3.4267258618927605
btc_dual_common_rt8bps,BTC,dual,common,8,meanrev_range_long,1,-992.3860349867257,0.0,0.0,,1,-1.1335043035306582
btc_dual_common_rt8bps,BTC,dual,common,8,pullback_struct_long,101,9745.497307574973,38.613861386138616,1.1426029075515474,1.81644564790246,6,0.29158859209088317
btc_dual_common_rt8bps,BTC,dual,common,8,sweep_reversal_long,34,-4202.301578166594,26.47058823529412,0.7997624563258023,2.2215623786827843,6,-0.04245222888189843
btc_dual_common_rt8bps,BTC,dual,common,8,sweep_reversal_short,11,6998.151231341696,63.63636363636363,7.871726104810009,4.498129202748577,2,1.9732088406400157
eth_dual_common_rt8bps,ETH,dual,common,8,bear_core,30,12526.983181540982,56.666666666666664,1.5346836490888098,1.17358161400909,2,1.0475338329037436
eth_dual_common_rt8bps,ETH,dual,common,8,breakout_retest_long,1,1368.1166758325096,100.0,,,0,2.9336731407144034
eth_dual_common_rt8bps,ETH,dual,common,8,core_add_long,1,5203.851596597166,100.0,,,0,14.049104922923933
eth_dual_common_rt8bps,ETH,dual,common,8,core_long,121,167509.97285897413,52.066115702479344,1.4958539871002892,1.3771354166955043,5,2.2634179221457265
eth_dual_common_rt8bps,ETH,dual,common,8,crash_short,21,-456.7371319277555,38.095238095238095,0.94548185853826,1.5364080201246724,4,-1.4453206017021014
eth_dual_common_rt8bps,ETH,dual,common,8,dip_buy_long,4,3104.672818118319,100.0,,,0,4.172759175546518
eth_dual_common_rt8bps,ETH,dual,common,8,pullback_struct_long,59,17601.91218792779,42.3728813559322,1.4842937626234878,2.0186395171679434,6,0.09699231745540621
eth_dual_common_rt8bps,ETH,dual,common,8,sweep_reversal_long,23,519.0013464584025,34.78260869565217,1.056892786657196,1.9816739749822427,6,0.8075215027975643
eth_dual_common_rt8bps,ETH,dual,common,8,sweep_reversal_short,5,-496.5627345449894,20.0,0.531668117536416,2.126672470145664,4,0.3178062700728702
sol_dual_common_rt8bps,SOL,dual,common,8,bear_core,15,56570.325695930565,73.33333333333333,1.892047440469782,0.6880172510799207,1,3.50677137210448
sol_dual_common_rt8bps,SOL,dual,common,8,breakout_retest_long,1,-4272.2927791422335,0.0,0.0,,1,-4.711362013565173
sol_dual_common_rt8bps,SOL,dual,common,8,bull_trap_short,2,1088.586123429999,50.0,1.8919793754504244,1.8919793754504244,1,2.2904881363559264
sol_dual_common_rt8bps,SOL,dual,common,8,core_add_long,1,-5335.424595898636,0.0,0.0,,1,-23.722483403332873
sol_dual_common_rt8bps,SOL,dual,common,8,core_long,120,574912.255083681,44.166666666666664,1.504236686138992,1.90158222587382,6,5.112728660168967
sol_dual_common_rt8bps,SOL,dual,common,8,crash_short,18,13175.491670851254,61.111111111111114,2.136398769421578,1.3595264896319132,2,3.1061602529030474
sol_dual_common_rt8bps,SOL,dual,common,8,dip_buy_long,7,21692.80271709594,85.71428571428571,9.308900334801297,1.5514833891335498,1,4.948896064824857
sol_dual_common_rt8bps,SOL,dual,common,8,pullback_struct_long,44,42783.920709750535,52.27272727272727,1.670891301100756,1.5255964053528641,4,2.135030645593822
sol_dual_common_rt8bps,SOL,dual,common,8,sweep_reversal_long,20,-16283.69245054328,20.0,0.43896446367150915,1.7558578546860366,7,1.9066690138321871
sol_dual_common_rt8bps,SOL,dual,common,8,sweep_reversal_short,11,-5214.012137723478,9.090909090909092,0.25081991205613036,2.508199120561304,8,-1.9170616107233407
btc_dual_full_rt4bps,BTC,dual,full,4,bear_core,29,12378.217298357247,58.620689655172406,1.4816940358757114,1.0459016723828551,3,2.1246530430061754
btc_dual_full_rt4bps,BTC,dual,full,4,breakout_retest_long,5,833.5726486539916,40.0,1.1402508644673315,1.7103762967009972,2,0.6671927908688562
btc_dual_full_rt4bps,BTC,dual,full,4,bull_trap_short,2,-978.0940285573108,0.0,0.0,,2,-0.5977738381711812
btc_dual_full_rt4bps,BTC,dual,full,4,core_add_long,1,-1221.7950487414198,0.0,0.0,,1,-5.032883791198431
btc_dual_full_rt4bps,BTC,dual,full,4,core_long,135,299764.9927517085,60.74074074074074,2.579498231674984,1.6672366619362702,3,2.589866356261971
btc_dual_full_rt4bps,BTC,dual,full,4,crash_short,11,2402.0557700131008,36.36363636363637,1.8437416345963553,3.2265478605436217,3,0.4147452253740182
btc_dual_full_rt4bps,BTC,dual,full,4,dip_buy_long,4,2203.711269544358,50.0,7.467240226280345,7.467240226280345,2,2.0312680824597606
btc_dual_full_rt4bps,BTC,dual,full,4,meanrev_range_long,1,-1088.1216544017666,0.0,0.0,,1,-1.0937150887054343
btc_dual_full_rt4bps,BTC,dual,full,4,pullback_struct_long,116,12809.653929559287,39.6551724137931,1.1618352329390265,1.7680101370811272,6,0.26397243683075916
btc_dual_full_rt4bps,BTC,dual,full,4,sweep_reversal_long,34,-3451.8706913412043,26.47058823529412,0.8468147549753329,2.3522632082648136,6,-0.002444716322651086
btc_dual_full_rt4bps,BTC,dual,full,4,sweep_reversal_short,11,8125.9106073256435,63.63636363636363,8.887781413179026,5.0787322361023,2,2.012798363062919
eth_dual_full_rt4bps,ETH,dual,full,4,bear_core,31,21571.866737999393,54.83870967741935,1.5513483368522565,1.2775809832900935,2,1.003463048670743
eth_dual_full_rt4bps,ETH,dual,full,4,breakout_retest_long,1,2329.3976351796014,100.0,,,0,2.9742761165328737
eth_dual_full_rt4bps,ETH,dual,full,4,core_add_long,1,1285.9486878028367,100.0,,,0,4.924133391455967
eth_dual_full_rt4bps,ETH,dual,full,4,core_long,155,356025.44113156176,50.32258064516129,1.5879555676379666,1.5675971629246594,5,2.705522001074198
eth_dual_full_rt4bps,ETH,dual,full,4,crash_short,21,-506.0228744701639,38.095238095238095,0.9636399848736792,1.5659149754197288,4,-1.4050476467637363
eth_dual_full_rt4bps,ETH,dual,full,4,dip_buy_long,7,4621.2692846184,71.42857142857143,4.459959654697521,1.7839838618790083,2,2.2976143866765115
eth_dual_full_rt4bps,ETH,dual,full,4,pullback_struct_long,70,32714.38051470943,42.857142857142854,1.5219373189349688,2.0292497585799585,6,0.29191307980809916
eth_dual_full_rt4bps,ETH,dual,full,4,sweep_reversal_long,23,1761.5738421857245,34.78260869565217,1.1211951611178648,2.1022409270959965,6,0.8476990781282564
eth_dual_full_rt4bps,ETH,dual,full,4,sweep_reversal_short,5,-726.0139097572862,20.0,0.5678781193662803,2.271512477465121,4,0.357726740630633
sol_dual_full_rt4bps,SOL,dual,full,4,bear_core,15,58146.82690868515,73.33333333333333,1.9036092453059514,0.6922215437476187,1,3.5460543046570376
sol_dual_full_rt4bps,SOL,dual,full,4,breakout_retest_long,1,-4313.718706044641,0.0,0.0,,1,-4.672288656625112
sol_dual_full_rt4bps,SOL,dual,full,4,bull_trap_short,2,1168.1092080262636,50.0,1.9649672723739986,1.9649672723739986,1,2.33001422829188
sol_dual_full_rt4bps,SOL,dual,full,4,core_add_long,1,-5328.5573917459005,0.0,0.0,,1,-23.687213792169075
sol_dual_full_rt4bps,SOL,dual,full,4,core_long,120,589550.3321841825,44.166666666666664,1.513828145715986,1.9137072785466238,6,5.153767621485527
sol_dual_full_rt4bps,SOL,dual,full,4,crash_short,18,13459.25770202823,61.111111111111114,2.1459124963627283,1.3655806795035543,2,3.1455232756433715
sol_dual_full_rt4bps,SOL,dual,full,4,dip_buy_long,7,22109.13610973124,85.71428571428571,9.482783851368168,1.5804639752280283,1,4.989902246510496
sol_dual_full_rt4bps,SOL,dual,full,4,pullback_struct_long,44,44314.31842226998,52.27272727272727,1.6884646671330685,1.5416416525997583,4,2.1754738289963016
sol_dual_full_rt4bps,SOL,dual,full,4,sweep_reversal_long,20,-15664.63970078902,20.0,0.45279213817458464,1.8111685526983385,7,1.947066506632074
sol_dual_full_rt4bps,SOL,dual,full,4,sweep_reversal_short,11,-5068.37924546248,9.090909090909092,0.25864386421774144,2.586438642177414,8,-1.8766943453073621
btc_dual_full_rt12bps,BTC,dual,full,12,bear_core,29,11473.13347984751,58.620689655172406,1.4720973233770167,1.0391275223837766,3,2.045518731085762
btc_dual_full_rt12bps,BTC,dual,full,12,breakout_retest_long,5,675.130283161744,40.0,1.117685927133814,1.676528890700721,2,0.5869098571657683
btc_dual_full_rt12bps,BTC,dual,full,12,bull_trap_short,2,-1082.3892259237755,0.0,0.0,,2,-0.6779969030934652
btc_dual_full_rt12bps,BTC,dual,full,12,core_add_long,1,-1236.7516491579697,0.0,0.0,,1,-5.110886238171346
btc_dual_full_rt12bps,BTC,dual,full,12,core_long,135,271227.4149561435,59.25925925925925,2.443898084046735,1.6801799327821298,4,2.4765318164896497
btc_dual_full_rt12bps,BTC,dual,full,12,crash_short,11,2001.632834049543,36.36363636363637,1.6950560825950132,2.9663481445412727,3,0.33492708709182456
btc_dual_full_rt12bps,BTC,dual,full,12,dip_buy_long,4,2049.9011779722205,50.0,6.723614836319758,6.723614836319758,2,1.9504394094921838
btc_dual_full_rt12bps,BTC,dual,full,12,meanrev_range_long,1,-1072.699903745766,0.0,0.0,,1,-1.1732935183558824
btc_dual_full_rt12bps,BTC,dual,full,12,pullback_struct_long,116,8125.698455995494,37.93103448275862,1.104259662917875,1.8069703575019775,6,0.18385082353336732
btc_dual_full_rt12bps,BTC,dual,full,12,sweep_reversal_long,34,-5586.637866723393,26.47058823529412,0.7571616159899353,2.1032267110831535,6,-0.08245974144114587
btc_dual_full_rt12bps,BTC,dual,full,12,sweep_reversal_short,11,7138.642895089521,63.63636363636363,7.115704307729239,4.066116747273851,2,1.9336193182171129
eth_dual_full_rt12bps,ETH,dual,full,12,bear_core,31,18965.29279613775,54.83870967741935,1.4986021958206626,1.2341429847934868,2,0.923880350429859
eth_dual_full_rt12bps,ETH,dual,full,12,breakout_retest_long,1,2150.0318785730738,100.0,,,0,2.8930701648959336
eth_dual_full_rt12bps,ETH,dual,full,12,core_add_long,1,1254.8105867073032,100.0,,,0,4.842147340889271
eth_dual_full_rt12bps,ETH,dual,full,12,core_long,155,332170.76366040227,50.32258064516129,1.562272448280349,1.5422433143280367,5,2.624423572588071
eth_dual_full_rt12bps,ETH,dual,full,12,crash_short,21,-976.8498060951849,38.095238095238095,0.9276242587467052,1.5073894204633957,4,-1.4855935566404666
eth_dual_full_rt12bps,ETH,dual,full,12,dip_buy_long,7,4395.328654342128,71.42857142857143,4.267094242415859,1.7068376969663437,2,2.216679153875282
eth_dual_full_rt12bps,ETH,dual,full,12,pullback_struct_long,70,28479.855429371346,42.857142857142854,1.4630719532212786,1.9507626042950381,6,0.2117802880178177
eth_dual_full_rt12bps,ETH,dual,full,12,sweep_reversal_long,23,3.8286460739150243,34.78260869565217,1.0002508767584082,1.8754703939220156,6,0.7673439274668725
eth_dual_full_rt12bps,ETH,dual,full,12,sweep_reversal_short,5,-892.6024995088393,20.0,0.49964353181920645,1.9985741272768258,4,0.27788579951510817
sol_dual_full_rt12bps,SOL,dual,full,12,bear_core,15,55033.720413178686,66.66666666666666,1.8805048288700226,0.9402524144350114,2,3.467488439551921
sol_dual_full_rt12bps,SOL,dual,full,12,breakout_retest_long,1,-4230.992320240372,0.0,0.0,,1,-4.750435370505238
sol_dual_full_rt12bps,SOL,dual,full,12,bull_trap_short,2,1011.3046172089671,50.0,1.8221604926044552,1.8221604926044552,1,2.2509620444199707
sol_dual_full_rt12bps,SOL,dual,full,12,core_add_long,1,-5342.289054815108,0.0,0.0,,1,-23.75775301449667
sol_dual_full_rt12bps,SOL,dual,full,12,core_long,120,560607.5481878042,44.166666666666664,1.4948035189584046,1.8896572786832666,6,5.071689698852406
sol_dual_full_rt12bps,SOL,dual,full,12,crash_short,18,12898.547764724384,61.111111111111114,2.1270250999611227,1.353561427247987,2,3.0667972301627247
sol_dual_full_rt12bps,SOL,dual,full,12,dip_buy_long,7,21283.551515681916,85.71428571428571,9.138471840595987,1.5230786400993312,1,4.907889883139219
sol_dual_full_rt12bps,SOL,dual,full,12,pullback_struct_long,44,41293.471532164636,52.27272727272727,1.6535861050324208,1.509796008942645,4,2.0945874621913423
sol_dual_full_rt12bps,SOL,dual,full,12,sweep_reversal_long,20,-16871.338141041164,20.0,0.4260431435092967,1.7041725740371867,7,1.866271521032301
sol_dual_full_rt12bps,SOL,dual,full,12,sweep_reversal_short,11,-5351.3042692544595,9.090909090909092,0.24358213012536703,2.4358213012536702,8,-1.9574288761393186
btc_dual_full_rt20bps,BTC,dual,full,20,bear_core,29,10603.739419212427,58.620689655172406,1.4560728236049225,1.0278161107799453,3,1.9663844191653488
btc_dual_full_rt20bps,BTC,dual,full,20,breakout_retest_long,5,486.4847603721246,40.0,1.0872023457885929,1.6308035186828893,2,0.5066269234626799
btc_dual_full_rt20bps,BTC,dual,full,20,bull_trap_short,2,-1180.790346201219,0.0,0.0,,2,-0.7582199680157492
btc_dual_full_rt20bps,BTC,dual,full,20,core_add_long,1,-1251.6016941400399,0.0,0.0,,1,-5.188888685144262
btc_dual_full_rt20bps,BTC,dual,full,20,core_long,135,251529.09662489168,57.77777777777777,2.3485806030025786,1.7162704406557308,4,2.395492580221293
btc_dual_full_rt20bps,BTC,dual,full,20,crash_short,11,1679.2988854879,36.36363636363637,1.5770937647769334,2.7599140883596336,3,0.2551089488096303
btc_dual_full_rt20bps,BTC,dual,full,20,dip_buy_long,4,1904.0751949638902,50.0,6.086144227309361,6.086144227309361,2,1.8696107365246064
btc_dual_full_rt20bps,BTC,dual,full,20,meanrev_range_long,1,-1070.9741552000055,0.0,0.0,,1,-1.25287194800633
btc_dual_full_rt20bps,BTC,dual,full,20,pullback_struct_long,116,3695.9636748072926,37.93103448275862,1.0478042059566197,1.7145887006562868,6,0.10372921023597562
btc_dual_full_rt20bps,BTC,dual,full,20,sweep_reversal_long,34,-7484.921399971605,26.47058823529412,0.6822974761239888,1.89527076701108,6,-0.16247476655964047
btc_dual_full_rt20bps,BTC,dual,full,20,sweep_reversal_short,11,6350.127947140233,63.63636363636363,5.917225792222516,3.381271881270009,2,1.8544402733713072
eth_dual_full_rt20bps,ETH,dual,full,20,bear_core,31,16556.034078143814,54.83870967741935,1.4477364628963985,1.1922535576793867,2,0.8442976521889759
eth_dual_full_rt20bps,ETH,dual,full,20,breakout_retest_long,1,1982.9641270844145,100.0,,,0,2.8118642132589926
eth_dual_full_rt20bps,ETH,dual,full,20,core_add_long,1,1224.079973091451,100.0,,,0,4.760161290322575
eth_dual_full_rt20bps,ETH,dual,full,20,core_long,155,309735.7910839754,50.32258064516129,1.5373131157157394,1.5176039732065634,5,2.5433251441019444
eth_dual_full_rt20bps,ETH,dual,full,20,crash_short,21,-1403.498962638902,38.095238095238095,0.8927847535843086,1.4507752245745016,4,-1.5661394665171966
eth_dual_full_rt20bps,ETH,dual,full,20,dip_buy_long,7,4177.379439427363,71.42857142857143,4.083552512742226,1.6334210050968903,2,2.13574392107405
eth_dual_full_rt20bps,ETH,dual,full,20,pullback_struct_long,70,24558.857064091917,41.42857142857143,1.4071132931467587,1.9893670696212793,8,0.1316474962275366
eth_dual_full_rt20bps,ETH,dual,full,20,sweep_reversal_long,23,-1591.9765987225258,30.434782608695656,0.8998277138358621,2.0567490601962564,8,0.6869887768054891
eth_dual_full_rt20bps,ETH,dual,full,20,sweep_reversal_short,5,-1036.1422942015188,20.0,0.4455394218075965,1.782157687230386,4,0.19804485839958333
sol_dual_full_rt20bps,SOL,dual,full,20,bear_core,15,52076.09442207473,66.66666666666666,1.8567426994442875,0.9283713497221437,2,3.3889225744468066
sol_dual_full_rt20bps,SOL,dual,full,20,breakout_retest_long,1,-4148.802610636882,0.0,0.0,,1,-4.8285820843853635
sol_dual_full_rt20bps,SOL,dual,full,20,bull_trap_short,2,863.230272913104,50.0,1.6913693270587147,1.6913693270587147,1,2.1719098605480616
sol_dual_full_rt20bps,SOL,dual,full,20,core_add_long,1,-5356.009743528254,0.0,0.0,,1,-23.828292236824268
sol_dual_full_rt20bps,SOL,dual,full,20,core_long,120,532967.4088375573,44.166666666666664,1.47639882213762,1.8663909638343497,6,4.989611776219286
sol_dual_full_rt20bps,SOL,dual,full,20,crash_short,18,12364.353500861936,61.111111111111114,2.108679179273055,1.3418867504464895,2,2.9880711846820778
sol_dual_full_rt20bps,SOL,dual,full,20,dip_buy_long,7,20485.760577278736,85.71428571428571,8.807664325495594,1.4679440542492657,1,4.82587751976794
sol_dual_full_rt20bps,SOL,dual,full,20,pullback_struct_long,44,38428.48106403527,52.27272727272727,1.6197551281220208,1.4789068561114103,4,2.0137010953863825
sol_dual_full_rt20bps,SOL,dual,full,20,sweep_reversal_long,20,-17956.59690360901,20.0,0.40258705435438275,1.610348217417531,7,1.7854765354325277
sol_dual_full_rt20bps,SOL,dual,full,20,sweep_reversal_short,11,-5602.075547151703,9.090909090909092,0.23062203619249336,2.3062203619249337,8,-2.0381634069712753
