case_id,asset,strategy,window,roundtrip_cost_bps,year,return_pct,ending_equity,bars,partial_year
btc_dual_full_rt8bps,BTC,dual,full,8,2020,57.53139350529332,157531.39350529332,2172,False
btc_dual_full_rt8bps,BTC,dual,full,8,2021,34.04478809133962,211162.6226015048,2190,False
btc_dual_full_rt8bps,BTC,dual,full,8,2022,6.426120088168741,224732.18631120402,2190,False
btc_dual_full_rt8bps,BTC,dual,full,8,2023,13.894217750085925,255956.9656318115,2190,False
btc_dual_full_rt8bps,BTC,dual,full,8,2024,41.923563331202395,363263.246219088,2196,False
btc_dual_full_rt8bps,BTC,dual,full,8,2025,13.74823996337775,413205.54900804395,2190,False
btc_dual_full_rt8bps,BTC,dual,full,8,2026,-1.074482113160946,408765.72929336404,1086,True
eth_dual_full_rt8bps,ETH,dual,full,8,2020,107.76340228460998,207763.40228460997,2172,False
eth_dual_full_rt8bps,ETH,dual,full,8,2021,91.22919411004698,397304.2798444746,2190,False
eth_dual_full_rt8bps,ETH,dual,full,8,2022,-6.579424997228744,371163.94274132757,2190,False
eth_dual_full_rt8bps,ETH,dual,full,8,2023,12.049612801372135,415887.7606999641,2190,False
eth_dual_full_rt8bps,ETH,dual,full,8,2024,14.015707819745948,474177.3740977553,2196,False
eth_dual_full_rt8bps,ETH,dual,full,8,2025,4.878378800272931,497309.54259143106,2190,False
eth_dual_full_rt8bps,ETH,dual,full,8,2026,0.949659607067388,502032.2904395135,1086,True
sol_dual_full_rt8bps,SOL,dual,full,8,2020,-8.007897172989619,91992.10282701039,618,True
sol_dual_full_rt8bps,SOL,dual,full,8,2021,601.9794072052368,645765.6181006795,2190,False
sol_dual_full_rt8bps,SOL,dual,full,8,2022,-9.773732573746974,582650.2135343149,2190,False
sol_dual_full_rt8bps,SOL,dual,full,8,2023,25.809745221118007,733030.7491778216,2190,False
sol_dual_full_rt8bps,SOL,dual,full,8,2024,-9.166553250109688,665837.0952147585,2196,False
sol_dual_full_rt8bps,SOL,dual,full,8,2025,11.349096399968639,741403.5890174324,2190,False
sol_dual_full_rt8bps,SOL,dual,full,8,2026,5.086888109959964,779117.9600339766,1086,True
btc_dual_common_rt8bps,BTC,dual,common,8,2020,45.961106825183904,145961.1068251839,618,True
btc_dual_common_rt8bps,BTC,dual,common,8,2021,33.76900296637879,195250.71731873957,2190,False
btc_dual_common_rt8bps,BTC,dual,common,8,2022,6.48608219911706,207914.83933839868,2190,False
btc_dual_common_rt8bps,BTC,dual,common,8,2023,13.98879580954102,236999.62167118257,2190,False
btc_dual_common_rt8bps,BTC,dual,common,8,2024,41.92356332325213,336358.30813836877,2196,False
btc_dual_common_rt8bps,BTC,dual,common,8,2025,13.748239957940767,382601.65545970155,2190,False
btc_dual_common_rt8bps,BTC,dual,common,8,2026,-1.0744821112848246,378490.66911430744,1086,True
eth_dual_common_rt8bps,ETH,dual,common,8,2020,30.385611988965564,130385.61198896557,618,True
eth_dual_common_rt8bps,ETH,dual,common,8,2021,86.26541352945758,242863.29935416073,2190,False
eth_dual_common_rt8bps,ETH,dual,common,8,2022,-6.579424994804183,226884.29073324698,2190,False
eth_dual_common_rt8bps,ETH,dual,common,8,2023,12.049612799804144,254222.96927018516,2190,False
eth_dual_common_rt8bps,ETH,dual,common,8,2024,14.015707814874334,289854.11784139206,2196,False
eth_dual_common_rt8bps,ETH,dual,common,8,2025,4.8783787995269945,303994.2996757225,2190,False
eth_dual_common_rt8bps,ETH,dual,common,8,2026,0.9496596071958407,306881.21074792073,1086,True
sol_dual_common_rt8bps,SOL,dual,common,8,2020,-8.007897172989619,91992.10282701039,618,True
sol_dual_common_rt8bps,SOL,dual,common,8,2021,601.9794072052368,645765.6181006795,2190,False
sol_dual_common_rt8bps,SOL,dual,common,8,2022,-9.773732573746974,582650.2135343149,2190,False
sol_dual_common_rt8bps,SOL,dual,common,8,2023,25.809745221118007,733030.7491778216,2190,False
sol_dual_common_rt8bps,SOL,dual,common,8,2024,-9.166553250109688,665837.0952147585,2196,False
sol_dual_common_rt8bps,SOL,dual,common,8,2025,11.349096399968639,741403.5890174324,2190,False
sol_dual_common_rt8bps,SOL,dual,common,8,2026,5.086888109959964,779117.9600339766,1086,True
btc_dual_full_rt4bps,BTC,dual,full,4,2020,58.50293055149267,158502.93055149267,2172,False
btc_dual_full_rt4bps,BTC,dual,full,4,2021,34.82149062382576,213696.01365196973,2190,False
btc_dual_full_rt4bps,BTC,dual,full,4,2022,6.50335471871768,227593.42343951666,2190,False
btc_dual_full_rt4bps,BTC,dual,full,4,2023,14.773908280982218,261217.86707201833,2190,False
btc_dual_full_rt4bps,BTC,dual,full,4,2024,45.56627023027211,380245.10627180716,2196,False
btc_dual_full_rt4bps,BTC,dual,full,4,2025,14.630799807920859,435878.00654985115,2190,False
btc_dual_full_rt4bps,BTC,dual,full,4,2026,-0.9405783529275569,431778.2323750711,1086,True
eth_dual_full_rt4bps,ETH,dual,full,4,2020,109.2660305657704,209266.0305657704,2172,False
eth_dual_full_rt4bps,ETH,dual,full,4,2021,92.47619644454528,402787.2960834744,2190,False
eth_dual_full_rt4bps,ETH,dual,full,4,2022,-6.5053423328856885,376584.6035998705,2190,False
eth_dual_full_rt4bps,ETH,dual,full,4,2023,12.750120220750727,424599.5932916916,2190,False
eth_dual_full_rt4bps,ETH,dual,full,4,2024,14.82007827638785,487525.58537874476,2196,False
eth_dual_full_rt4bps,ETH,dual,full,4,2025,5.371876681083099,513714.85861401947,2190,False
eth_dual_full_rt4bps,ETH,dual,full,4,2026,1.0439609243122039,519077.8410003355,1086,True
sol_dual_full_rt4bps,SOL,dual,full,4,2020,-7.993806567030958,92006.19343296904,618,True
sol_dual_full_rt4bps,SOL,dual,full,4,2021,607.372190830658,650826.2261866861,2190,False
sol_dual_full_rt4bps,SOL,dual,full,4,2022,-9.734275401317838,587473.0089456703,2190,False
sol_dual_full_rt4bps,SOL,dual,full,4,2023,26.26725633075544,741786.0500794314,2190,False
sol_dual_full_rt4bps,SOL,dual,full,4,2024,-8.46154188428162,679019.512760202,2196,False
sol_dual_full_rt4bps,SOL,dual,full,4,2025,11.802556617375902,759161.1751967549,2190,False
sol_dual_full_rt4bps,SOL,dual,full,4,2026,5.165110067773937,798372.6854874734,1086,True
btc_dual_full_rt12bps,BTC,dual,full,12,2020,56.566056830042385,156566.0568300424,2172,False
btc_dual_full_rt12bps,BTC,dual,full,12,2021,33.2727459201041,208659.8831162282,2190,False
btc_dual_full_rt12bps,BTC,dual,full,12,2022,6.348966786487775,221907.6297920017,2190,False
btc_dual_full_rt12bps,BTC,dual,full,12,2023,13.0214951037239,250803.320940157,2190,False
btc_dual_full_rt12bps,BTC,dual,full,12,2024,40.77861785381669,353077.448751025,2196,False
btc_dual_full_rt12bps,BTC,dual,full,12,2025,12.872686453020442,398528.00166506844,2190,False
btc_dual_full_rt12bps,BTC,dual,full,12,2026,-1.2081777778854441,393713.07491030014,1086,True
eth_dual_full_rt12bps,ETH,dual,full,12,2020,106.27192500405785,206271.92500405785,2172,False
eth_dual_full_rt12bps,ETH,dual,full,12,2021,89.99056325559714,391897.1921533724,2190,False
eth_dual_full_rt12bps,ETH,dual,full,12,2022,-6.653424248846207,365822.6093400925,2190,False
eth_dual_full_rt12bps,ETH,dual,full,12,2023,11.353627054022631,407356.7440838608,2190,False
eth_dual_full_rt12bps,ETH,dual,full,12,2024,13.217163172455448,461197.7496434264,2196,False
eth_dual_full_rt12bps,ETH,dual,full,12,2025,4.387320585733567,481431.9734544724,2190,False
eth_dual_full_rt12bps,ETH,dual,full,12,2026,0.855465790955301,485550.4592940964,1086,True
sol_dual_full_rt12bps,SOL,dual,full,12,2020,-8.021980803748685,91978.01919625132,618,True
sol_dual_full_rt12bps,SOL,dual,full,12,2021,596.6289648822735,640745.5230460644,2190,False
sol_dual_full_rt12bps,SOL,dual,full,12,2022,-9.81316123130329,577868.1317871965,2190,False
sol_dual_full_rt12bps,SOL,dual,full,12,2023,25.354008014919117,724380.8642361857,2190,False
sol_dual_full_rt12bps,SOL,dual,full,12,2024,-9.865955433490992,652913.7710019067,2196,False
sol_dual_full_rt12bps,SOL,dual,full,12,2025,10.897584198897858,724065.5989430386,2190,False
sol_dual_full_rt12bps,SOL,dual,full,12,2026,5.00874801286133,760332.2202419105,1086,True
btc_dual_full_rt20bps,BTC,dual,full,20,2020,54.65382036512365,154653.82036512365,2172,False
btc_dual_full_rt20bps,BTC,dual,full,20,2021,31.742526444018782,203744.85019120833,2190,False
btc_dual_full_rt20bps,BTC,dual,full,20,2022,6.194903592942391,216366.64723613858,2190,False
btc_dual_full_rt20bps,BTC,dual,full,20,2023,11.29672624116087,240808.99505158342,2190,False
btc_dual_full_rt20bps,BTC,dual,full,20,2024,38.51718912461703,333561.8511046915,2196,False
btc_dual_full_rt20bps,BTC,dual,full,20,2025,11.14236960445847,370728.54541424965,2190,False
btc_dual_full_rt20bps,BTC,dual,full,20,2026,-1.4749463310262834,365260.49833559507,1086,True
eth_dual_full_rt20bps,ETH,dual,full,20,2020,103.32208246703915,203322.08246703914,2172,False
eth_dual_full_rt20bps,ETH,dual,full,20,2021,87.5381838004315,381306.5407239008,2190,False
eth_dual_full_rt20bps,ETH,dual,full,20,2022,-6.801172986148673,355373.22328176885,2190,False
eth_dual_full_rt20bps,ETH,dual,full,20,2023,9.975099682506738,390822.05654906254,2190,False
eth_dual_full_rt20bps,ETH,dual,full,20,2024,11.63737734089343,436303.49400111684,2196,False
eth_dual_full_rt20bps,ETH,dual,full,20,2025,3.412472470953176,451192.2306237118,2190,False
eth_dual_full_rt20bps,ETH,dual,full,20,2026,0.6674000631746058,454203.4878559333,1086,True
sol_dual_full_rt20bps,SOL,dual,full,20,2020,-8.050127159854902,91949.8728401451,618,True
sol_dual_full_rt20bps,SOL,dual,full,20,2021,586.0537388493251,630825.5404870155,2190,False
sol_dual_full_rt20bps,SOL,dual,full,20,2022,-9.89193311400921,568424.6999559528,2190,False
sol_dual_full_rt20bps,SOL,dual,full,20,2023,24.447826065385424,707392.1819138732,2190,False
sol_dual_full_rt20bps,SOL,dual,full,20,2024,-11.248116026212907,627823.8885318417,2196,False
sol_dual_full_rt20bps,SOL,dual,full,20,2025,10.000368544093853,690608.5911928868,2190,False
sol_dual_full_rt20bps,SOL,dual,full,20,2026,4.852712969501782,724121.8438661975,1086,True
